,ASV_10,ASV_9,ASV_6,ASV_4,ASV_31,ASV_161,ASV_89,ASV_23,ASV_30,ASV_45,ASV_46,ASV_155,ASV_102,ASV_159,ASV_94,ASV_194,ASV_218,ASV_28,ASV_166,ASV_44,ASV_122,ASV_57,ASV_24,ASV_82,ASV_135,ASV_146,ASV_76,ASV_195,ASV_120,ASV_183,ASV_149,ASV_34,ASV_1,ASV_103,ASV_134,ASV_33,ASV_144,ASV_114,ASV_220,ASV_177,ASV_145,ASV_154,ASV_41,ASV_112,ASV_178,ASV_29,ASV_26,ASV_137,ASV_119,ASV_157,ASV_128,ASV_47,ASV_113,ASV_72,ASV_140,ASV_43,ASV_208,ASV_188,ASV_101,ASV_180,ASV_27,ASV_141,ASV_217,ASV_216,ASV_171,ASV_99,ASV_97,ASV_192,ASV_143,ASV_432,ASV_176,ASV_59,ASV_55,ASV_123,ASV_51,ASV_49,ASV_162,ASV_129,ASV_160,ASV_125,ASV_181,ASV_52,ASV_54,ASV_12,ASV_19,ASV_50,ASV_163,ASV_184,ASV_42,ASV_139,ASV_131,ASV_69,ASV_179,ASV_222,ASV_124,ASV_11,ASV_20
162-1,0.002357390808766385,0.0,0.0,0.0,0.030283405004922024,0.0038080928449303144,0.0,0.0,0.0,0.016734884202891043,0.010932076058235325,0.07447800632091602,0.0,0.0,0.003445417335889332,0.0,0.0,0.0,0.0032381741878659137,0.052639759597948296,0.0,0.0,0.0006217294440702554,0.0,0.0,0.0,0.0,0.0,0.0,0.00018133775452049117,0.3427283560437283,0.0,0.0,0.06730221232060515,0.00038858090254390964,0.0,0.01867778871561059,0.0004403916895497643,0.0,0.08699031138282991,0.0,0.0,0.0,0.0,0.10787005854618932,0.0,0.0,0.0008548779855966012,0.044272317496502775,0.0,0.0025387285632868764,0.0,0.001580229003678566,0.0,0.0008289725920936739,0.0,0.0,0.0012175534946375836,0.0,0.0,0.0,0.03416921403036112,0.0,0.0,0.00018133775452049117,0.0,0.0,0.0,0.0,0.0,0.04507538469509352,0.0,0.0,0.0,0.012538210455416818,0.018030153878037407,0.0,0.0,0.0,0.0,0.014947412051189058,0.0,0.0,0.0,0.0,0.0,0.0006476348375731827,0.0,0.0,0.0,0.0,0.0,0.0,0.0,0.0,0.0,0.0
109-1,0.0,0.00029287722586691657,0.0,0.0,0.0,0.0,0.2731373008434864,0.00046860356138706655,0.0,0.015991096532333646,0.4332532802249297,0.008727741330834114,0.03868908153701968,0.0,0.033651593252108716,0.0,0.0,0.0,0.0,0.010279990627928772,0.0,0.0,0.0,0.0,0.002167291471415183,0.0,0.0,0.001200796626054358,0.013091611996251171,0.0,0.0,0.0,0.001552249297094658,0.0,0.0,0.0,0.0,0.0025187441424554826,0.0,0.0,0.0,0.012095829428303655,0.0,0.0,0.0,0.0,0.0,0.00032216494845360824,0.0,0.0,0.0,0.0,0.04835402999062793,0.0,0.0018451265229615745,0.07357075913776945,0.0,0.0,0.0,0.0,0.0,0.0,0.0,0.0,0.0010250702905342081,0.0,0.0,0.0,0.0,0.0,0.004891049671977507,0.0,0.0,0.0,0.0009664948453608248,0.0,0.0,0.0,0.0,0.0,0.0,0.0,0.020589268978444236,0.0,0.0,0.0010543580131208998,0.0,0.0,0.0,0.0,0.0,0.00026358950328022495,0.0,0.0,0.0,0.0,0.0
126-1,0.00194596212858319,0.0016465833395703914,0.0,0.0,0.01766334855175511,0.0,0.013097822019309932,0.0,0.0,0.0,0.007297357982186962,0.0014594715964373925,0.0006736022752787965,0.0,0.3204849936382007,0.0006736022752787965,0.0,0.0,0.0,0.00044906818351919767,0.00018711174313299902,0.0,0.00044906818351919767,0.0,0.008270339046478557,0.0,0.0760047900606242,0.0,0.0,0.0,0.0,0.1907042886011526,0.0,0.0,0.0,0.25810193847765883,0.0,0.0,0.0,0.0,0.00018711174313299902,0.0,0.0,0.006885712147294364,0.0,0.0,0.0,0.0004864905321457975,0.0,0.0,0.01725170271686251,0.025110395928448468,0.0,0.00044906818351919767,0.0,0.03259486565376843,0.0,0.0,0.0,0.0,0.0,0.0,0.0,0.0,0.0,0.005463662899483571,0.01152608337699274,0.0,0.0,0.0,0.0,0.0009355587156649951,0.0,0.0,0.0,0.0,0.0,0.0,0.0,0.0,0.0,0.0,0.0,0.0,0.0,0.0,0.0,0.0,0.0,0.0,0.0,0.0,0.0,0.0,0.0,0.0,0.0
174-1,0.015693044058221195,0.0,0.0,0.01420220487269018,0.0034917023029542157,0.0009023500333477186,0.27082270783475226,0.0,0.002785515320334262,0.0,0.013299854839342462,0.009886617756679351,0.0009023500333477186,0.0,0.079602965985327,0.20079249872494018,0.0014123739652399075,0.0006669543724744007,0.0031386088116442386,0.0,0.04970771705441563,0.0,0.0,0.0,0.015183020126329005,0.0,0.019655537682922046,0.0,0.00486484365804857,0.0,0.0,0.0,0.0,0.0,0.03428930126721331,0.0,0.0,0.08866569892894974,0.0,0.0040801914551375105,0.0,0.0,0.00015693044058221194,0.02079328337714308,0.0,0.0051002393189218875,0.0,0.05653419121974185,0.0,0.004197889285574169,0.002314723998587626,0.0,0.0006669543724744007,0.021734866020636352,0.0,0.0,0.0019223978971320962,0.0,0.003962493624700851,0.0,0.021734866020636352,0.0,0.0,0.0,0.01498685707560124,0.005139471929067441,0.0005884891521832947,0.0,0.0,0.0,0.0,0.0,0.0,0.0,0.0,0.0,0.0,0.0,0.0,0.003962493624700851,0.0007061869826199538,0.0,0.0,0.0,0.0,0.0,0.0,0.0,0.0010985130840754835,0.0,0.0003530934913099769,0.0,0.0,0.0,0.0,0.0,0.0
139-1,0.02396882770642672,0.0,0.0,0.0,0.0009484990643184906,0.07195775333897306,0.0,0.0,0.0,0.14422312799610346,0.038273219000743416,0.0008459586249327079,0.0,0.0,0.0,0.00010254043938578277,0.1573739393473301,0.0,0.002358430105873004,0.0,0.0,0.0002819862083109026,0.0015637417006331873,0.0,0.010459124817349843,0.24314901689353738,0.02207182957778974,0.0032812940603450485,0.0,0.0,0.010484759927196288,0.0,0.0,0.0,0.01584249788510344,0.0,0.001333025712015176,0.0,0.19915916839703657,0.0,0.002153349227101438,0.0,0.0,0.000666512856007588,0.0,0.0,0.0,0.0,0.0,0.0,0.0013586608218616218,0.01184342074905791,0.0,0.0,0.0,0.0,0.0,0.0,0.0,0.0,0.0,0.0,0.0,0.0,0.0,0.0,0.0,0.0008715937347791536,0.0,0.0,0.0,0.0,0.014842728601092056,0.00046143197723602246,0.0,0.012561203824758388,0.0,0.0,0.0002819862083109026,0.0,0.0,0.0,0.0,0.0,0.0,0.0,0.00015381065907867414,0.005229562408674921,0.0,0.0,0.0,0.0,0.0016150119203260785,0.0,0.0002819862083109026,0.0,0.0
142-1,0.0,0.0,0.0,0.4928169893816365,0.0,0.0,0.013802349141542634,0.0,0.0,0.3549915449185722,0.00517968952331622,0.009353909903871057,0.0,0.0,0.0,0.05031916028092198,0.0034582044758611234,0.0,0.0,0.0,0.0,0.0,0.0,0.0,0.04290001675781904,0.0,0.0008226565713502232,0.0,0.0,0.0,0.0,0.0,0.0,0.0,0.005575783428040402,0.0,0.0,0.000517968952331622,0.0009445316189576636,0.0,0.0,0.0,0.0,0.0003808595237732515,0.00033515638092046127,0.0,0.0,0.0,0.0011121098094178943,0.005545314666138542,0.00042656266662604165,0.009460550570527566,0.00024375009521488094,0.0,0.0,0.0,0.0,0.0,0.0008988284761048735,0.0,0.0,0.0,0.0,0.0,0.0005636720951844122,0.0,0.0,0.00035039076187139134,0.0,0.0,0.0,0.0,0.0,0.0,0.0,0.0,0.0,0.0,0.0,0.0,0.0,0.0,0.0,0.0,0.0,0.0,0.0,0.0,0.0,0.0,0.0,0.0,0.0,0.0,0.0,0.0,0.0
155-1,0.0,0.0,0.0,0.0,0.0011035544719620173,0.0006159373796997305,0.0,0.0,0.0,0.1906326190170666,0.05676889516232517,0.0015141793917618376,0.0,0.0,0.0,0.0,0.0006672654946747081,0.0,0.04539971769536764,0.5965096881817016,0.0,0.0,0.0,0.0,0.0,0.0,0.0,0.0,0.00015398434492493263,0.00041062491979982035,0.0,0.0,0.0,0.0005132811497497754,0.0,0.0,0.0002566405748748877,0.0,0.0,0.010214294880020531,0.0,0.0,0.004876170922622867,0.0,0.0,0.0,0.0,0.0,0.0,0.0,0.005979725394584884,0.0,0.0,0.0,0.0,0.030642884640061593,0.0,0.0,0.0,0.0,0.0,0.0,0.0,0.0,0.0,0.0,0.0,0.0,0.0,0.0,0.0,0.0,0.0,0.0,0.006826639291672014,0.0,0.0,0.0,0.00048761709226228665,0.0014115231618118825,0.0,0.0035673039907609394,0.0,0.002797382266136276,0.010932888489670218,0.012678044398819453,0.0,0.0,0.01293468497369434,0.0,0.00023097651738739893,0.00030796868984986526,0.0,0.00038496086231233157,0.0,0.0011805466444244836,0.0
133-1,0.0,0.0,0.0,0.0,0.0,0.0102880658436214,0.0,0.19288464091331475,0.031660692951015534,0.0,0.0,0.0,0.0,0.37149873888225143,0.0,0.0779901765564848,0.0,0.0,0.0,0.002986857825567503,0.0,0.0,0.0,0.0,0.0005309969467675561,0.0,0.003849727864064782,0.0,0.005177220230983672,0.014801539891145627,0.0,0.07905217045001992,0.0223682463825833,0.0,0.0,0.011283685118810567,0.0,0.007898579583167397,0.0,0.05290057082171778,0.0,0.0,0.003783353245718837,0.0,0.0,0.0,0.008761449621664676,0.0,0.06425063055887428,0.0,0.0023894862604540022,0.0,0.0,0.0,0.0,0.0,0.0,0.0,0.0,0.0,0.015199787601221293,0.018319394663480686,0.0,0.0,0.0,0.0,0.0,0.0,0.0,0.0,0.0,0.0007964954201513341,0.0,0.0,0.0,0.0,0.0,0.0,0.0,0.0,0.0013274923669188902,0.0,0.0,0.0,0.0,0.0,0.0,0.0,0.0,0.0,0.0,0.0,0.0,0.0,0.0,0.0,0.0
153-1,0.0,0.0023338824821526635,0.003157605711147721,0.0,0.0016474464579901153,0.022103239978034046,0.0,0.0,0.0,0.011943986820428337,0.18025809994508513,0.011120263591433279,0.0,0.0,0.0,0.00041186161449752884,0.006177924217462933,0.0,0.02471169686985173,0.013316858868753433,0.0,0.008649093904448105,0.0,0.0,0.0,0.0017847336628226248,0.0,0.11381109280615047,0.0034321801208127404,0.0,0.0,0.0,0.0,0.0,0.0,0.0,0.0,0.17353102690829214,0.0,0.0023338824821526635,0.0,0.0,0.0,0.02059308072487644,0.0013728720483250961,0.0,0.0,0.0,0.1253432180120813,0.0,0.008237232289950576,0.0,0.0,0.0,0.025947281713344317,0.08539264140582098,0.0,0.0,0.0,0.0023338824821526635,0.0,0.00700164744645799,0.011943986820428337,0.0,0.07674354750137287,0.0,0.0,0.014552443712246019,0.0,0.008511806699615597,0.0,0.0,0.0,0.0,0.0,0.004530477759472817,0.0,0.016474464579901153,0.0,0.0,0.009060955518945634,0.0,0.0,0.0,0.0,0.0,0.0,0.0,0.0,0.0,0.0,0.0012355848434925864,0.0,0.0,0.0,0.0,0.0
165-1,0.0,0.0,0.0,0.0,0.0,0.0,0.0,0.0,0.0,0.07830382470898953,0.035508167856793504,0.5773256382666536,0.0,0.0,0.0,0.0,0.0,0.0,0.029149955981610094,0.0,0.048322410251393916,0.0,0.0,0.0,0.0,0.0,0.0,0.0,0.0,0.0,0.0,0.0,0.0,0.0,0.0,0.0,0.0,0.0,0.0,0.0,0.0,0.0,0.0,0.0,0.0,0.0,0.0,0.0,0.0,0.0,0.005771300009781865,0.0,0.0,0.0,0.0,0.0,0.0,0.0,0.0,0.02553066614496723,0.0,0.051452606866868825,0.0,0.0,0.0,0.0,0.0,0.0,0.0,0.0,0.0,0.0,0.0,0.0,0.0,0.14472268414359776,0.0,0.0,0.0,0.0,0.0,0.0,0.0,0.0030323779712413184,0.0,0.0,0.0005869118654015455,0.0,0.0,0.0,0.0,0.00029345593270077276,0.0,0.0,0.0,0.0,0.0
124-1,0.000726794490205579,0.0,0.0,0.0,0.0,0.00038070187582196996,0.0,0.00034609261438360903,0.0,0.08143559216446321,0.0,0.10434692323665813,0.0,0.0,0.0,0.0,0.19824184951893126,0.0,0.0,0.0,0.0,0.0,0.0,0.0,0.0,0.0,0.0,0.0,0.0,0.19523084377379388,0.0,0.0,0.0,0.0,0.0,0.0,0.047899217830691496,0.0,0.0023880390392469024,0.0,0.0,0.014397452758358137,0.0,0.0,0.0,0.0005883574444521354,0.0004845296601370527,0.0,0.0,0.0,0.006091230013151519,0.0,0.0,0.0,0.0398352599155534,0.0,0.0,0.0,0.0,0.0,0.0,0.0,0.013463002699522391,0.0023880390392469024,0.0,0.0,0.0,0.0,0.010625043261576797,0.03962760434692324,0.0,0.0,0.2340624351076348,0.0,0.0,0.0,0.0,0.0,0.0,0.0,0.0,0.0,0.0,0.005399044784384301,0.0,0.0,0.00020765556863016545,0.0,0.0,0.0,0.0013497611960960752,0.00010382778431508272,0.0,0.0,0.0,0.0,0.00038070187582196996
103-1,0.0,0.0,0.0,0.0,0.0,0.0,0.0,0.0,0.0,0.22880254225046945,0.03983822042467138,0.003668929654773942,0.0,0.0,0.0,8.666762964032934e-05,0.5598439982666474,0.0,0.06780297558861766,0.005806731185902065,0.0,0.0033222591362126247,0.0,0.0,0.0,0.0,0.0,0.006673407482305359,0.00043333814820164666,0.026231402571139678,0.0,0.0,0.0,0.0,0.0,0.0,0.0,0.0005488949877220858,0.0,0.0,0.0,0.001444460494005489,0.0,0.0009244547161635129,0.03980933121479128,0.0,0.0,0.0,0.0,0.0,0.0,0.0,0.0,0.0,0.002108912321248014,0.003986710963455149,0.0,0.0,0.0,0.0010111223458038423,0.0,0.005720063556261736,0.0,0.0,0.0,0.0,0.0,0.0019355770619673552,0.0,0.0,0.0,0.0,0.0,0.0,0.0,0.0,0.0,0.0,0.0,0.0,0.0,0.0,0.0,0.0,0.0,0.0,0.0,0.0,0.0,0.0,0.0,0.0,0.0,0.0,0.0,0.0,0.0
175-1,0.01058582076117092,0.0,0.0,0.0014762539156734959,0.0006121052821085227,0.0,0.0,0.0,0.003672631692651136,0.01472653296366975,0.34605552154970654,0.03074928887768696,0.0003600619306520722,0.0,0.0,0.0,0.0012242105642170454,0.0010801857919562165,0.15950743527886796,0.0,0.13847981852878696,0.000504086702912901,0.0,0.0,0.0,0.0,0.0,0.0,0.0,0.0,0.0,0.0,0.0,0.0,0.0,0.0,0.1192525114319663,0.0,0.0,0.0,0.0,0.0,0.05130882511792028,0.0,0.0,0.003924675044107586,0.0,0.0,0.0,0.005760990890433155,0.007525294350628308,0.0,0.0,0.0,0.0,0.0,0.0009001548266301804,0.0,0.0,0.06844777301695892,0.015158607280452237,0.004284736974759658,0.0,0.0,0.0,0.0,0.0,0.0,0.0,0.0,0.0,0.0,0.0,0.0,0.0,0.0,0.0012962229503474597,0.0,0.0,0.0,0.0,0.007273250999171857,0.0,0.0016922910740647392,0.0,0.002340402549238469,0.0010801857919562165,0.0,0.0,0.0,0.0,0.0004320743167824866,0.0,0.0,0.0,0.0,0.0002880495445216577
116-1,0.0,0.017269439421338156,0.0,0.0,0.0,0.0009945750452079567,0.0,0.0012658227848101266,0.0012658227848101266,0.0,0.05551537070524412,0.0,0.0,0.6190325497287522,0.0,0.0,0.0,0.0,0.0047920433996383365,0.006735985533453888,0.0,0.0,0.0,0.0,0.0,0.0,0.0004972875226039783,0.0,0.0,0.0,0.0,0.005605786618444846,0.0014918625678119349,0.0,0.0,0.0,0.052667269439421335,0.0,0.002667269439421338,0.0,0.0,0.0,0.1416365280289331,0.0,0.0,0.0,0.0,0.0,0.0,0.0,0.0,0.0,0.0,0.0,0.0,0.05664556962025316,0.0,0.0,0.0,0.007278481012658228,0.0,0.0,0.0,0.0,0.0,0.0,0.0,0.0,0.005063291139240506,0.0,0.0,0.0,0.0029837251356238698,0.0006329113924050633,0.0,0.0,0.0,0.0,0.0,0.0,0.0,0.0,0.000678119349005425,0.0,0.0,0.0,0.0,0.0,0.0,0.01306509945750452,0.0,0.0,0.0,0.0022151898734177216,0.0,0.0,0.0
160-1,0.05991829323649569,0.0,0.0,0.0,0.0,0.0,0.0,0.0,0.0,0.5937358147980027,0.0,0.0,0.0,0.0,0.0,0.0,0.0,0.0,0.0,0.0,0.017703132092601,0.0,0.0,0.0,0.0,0.009532455742169769,0.0,0.0,0.004539264639128461,0.0,0.0,0.0,0.0,0.0,0.0,0.0,0.07898320472083523,0.0022696323195642307,0.0,0.0,0.005901044030866999,0.0,0.0,0.0,0.0,0.0,0.0,0.0,0.0,0.0,0.01270994098955969,0.0,0.0,0.0,0.0,0.08216068996822515,0.0,0.0,0.0,0.06445755787562416,0.0,0.0,0.0,0.0,0.0,0.0,0.0,0.0,0.0,0.0,0.0,0.0,0.0,0.0,0.0,0.0,0.0,0.0,0.0,0.0,0.0027235587834770767,0.05492510213345438,0.0,0.0,0.0,0.008170676350431231,0.0,0.0,0.0,0.0,0.0022696323195642307,0.0,0.0,0.0,0.0,0.0,0.0
149-1,0.0,0.0006128636862137927,0.0020966389265208696,0.0,0.0,0.0005483517192439197,0.0008386555706083479,0.0,0.0,0.3973614605509322,0.3354944842268241,0.08741371524417779,0.0003870718018192375,0.03164311979872266,0.0,0.0,0.013612025030643184,0.0,0.0509644539061996,0.022159860654151344,0.0,0.0005483517192439197,0.0,0.0,0.0,0.0009354235210631573,0.0,0.0,0.0,0.0,0.0,0.0,0.0,0.0,0.0002903038513644281,0.0,0.0010967034384878394,0.0007418876201535384,0.0,0.0,0.0,0.0,0.0,0.0011289594219727759,0.0,0.0,0.0,0.0,0.00022579188439455518,0.029804528740081285,0.0,0.0,0.0,0.0,0.0,0.0,0.0,0.0,0.0,0.0073221082510805755,0.0,0.0,0.0034191342494032644,0.0023546867944003614,0.0,0.0,0.0,0.0,0.0,0.0009999354880330302,0.0,0.0,0.004773885555770596,0.0,0.0,0.0,0.0022579188439455517,0.0,0.0009676795045480937,0.0,0.0,0.0,0.0,0.0,0.0,0.0,0.0,0.0,0.0,0.0,0.0,0.0,0.0,0.0,0.0,0.0,0.0
150-1,0.0,0.0,0.006880240808428295,0.0,0.0,0.03791299362144342,0.0,0.0,0.0,0.0017200602021070737,0.0,0.10936716118397477,0.0,0.0,0.0,0.0019350677273704579,0.22654626245251916,0.0,0.21142406650899448,0.0,0.0,0.0,0.0,0.0,0.0,0.0007883609259657421,0.0,0.0,0.0007883609259657421,0.0,0.0,0.0,0.0,0.0,0.0,0.0,0.0021500752526338422,0.0,0.0,0.0,0.0,0.0,0.0,0.0,0.0,0.0,0.0,0.0,0.0,0.2947753171360998,0.04543825700566186,0.0,0.0,0.0,0.0,0.0,0.0,0.0,0.0,0.016268902744929405,0.0,0.0,0.0,0.0,0.0,0.0,0.0,0.0,0.0,0.0,0.0,0.0,0.0,0.0,0.0,0.0,0.0,0.0,0.0,0.02400917365441124,0.0,0.0,0.0,0.0,0.004658496380706658,0.0,0.008241955135096395,0.0,0.0,0.0,0.0,0.004156812155092095,0.0,0.0,0.0017917293771948686,0.0011467068014047158,0.0
176-1,0.024699810406572573,0.0,0.0,0.003054560775226459,0.0,0.002211923319991574,0.0011586265009479672,0.0,0.0030018959342742787,0.0,0.0,0.06588371603117758,0.0017379397514219507,0.0,0.0,0.025173793975142196,0.0004739835685696229,0.001000631978091426,0.009321676848535918,0.0,0.003581209184748262,0.0,0.0,0.0,0.00036865388666526224,0.0,0.0,0.0,0.0,0.042605856330313885,0.0,0.0,0.0,0.0,0.0,0.0,0.03718137771223931,0.003212555298083,0.0,0.0,0.0,0.0,0.49773541183905623,0.0,0.0,0.005582473140931114,0.0,0.0,0.0009479671371392458,0.040709922056035394,0.0580893195702549,0.0,0.0,0.0,0.0,0.0,0.001948599115230672,0.0,0.0,0.0,0.031440910048451655,0.0,0.0,0.0,0.0,0.0,0.0,0.0,0.00653044027807036,0.0,0.0,0.0,0.0,0.0,0.0,0.01969665051611544,0.0004213187276174426,0.0,0.0,0.020539287971350326,0.004002527912365704,0.020170634084685064,0.0,0.0350747840741521,0.017274067832315148,0.007162418369496524,0.004160522435222245,0.0,0.0,0.0,0.0002633242047609016,0.0,0.0,0.0006846429323783442,0.0,0.001474615546661049,0.0014219507057088687
158-1,0.7493159186436853,0.0,0.0,0.0,0.0,0.0002256763237326864,0.0,0.0,0.002651696803859065,0.0023272870884933285,0.020028773731275918,0.0029055826680583373,0.0,0.0,0.0,0.010254167959603938,0.0,0.0,0.14358656097492173,0.000846286213997574,0.0003949335665322012,0.0003808287962989083,0.0,0.0,0.0,0.0,0.0,5.64190809331716e-05,0.0,0.05412000338514485,0.0,0.0,0.0,0.0,0.0,0.0,0.0,0.0,0.0,0.0,0.0,0.0,0.0,0.0016220485768286834,0.0,0.0,0.0,0.0,0.0,0.0,0.0009309148353973314,0.0003103049451324438,0.0,0.0,0.0,0.002651696803859065,0.0,0.0,0.0,0.0004936669581652515,0.0,0.0003526192558323225,0.0019323535219611273,0.0,0.0,0.0,0.0,0.0,0.0,0.0012835340912296538,0.0,0.0,0.0,9.87333916330503e-05,0.0,0.0,0.0,0.0017348867386950267,0.0,0.0,0.0004090383367654941,0.0,0.0,0.0,0.0,0.0,0.0,0.0010860673079635533,0.0,0.0,0.0,0.0,0.0,0.0,0.0,0.0,0.0
151-1,0.0,0.014955611519900953,0.8848009904751185,0.0,0.0,0.0,0.0,9.848474189962997e-05,0.0,0.0,0.0,0.0018149331007217525,0.004066012915570438,0.007372286393629444,0.0019274870914641868,0.026492395571000464,0.0005909084513977798,0.0,0.013576825133306132,0.009665573955006543,0.0,0.0,0.0,0.0,0.0,0.0006753239444546056,0.0,0.0,0.0,0.001941556340306991,0.0,0.0,0.0,0.02165257396907579,0.0,0.0,0.0,0.0001688309861136514,0.0,0.0,0.0,0.0008863626770966698,0.0003095234745416942,0.0,0.0,0.0,0.0,0.0010270551655247127,0.0,0.0003517312210701071,0.00014069248842804282,0.0,0.0,0.0,0.0006331161979261928,0.0,0.0,0.0,0.0033484812245874193,0.0,0.0,0.0,0.00028138497685608563,0.0,0.00045021596296973706,0.0,0.0003235927233844985,0.0003235927233844985,0.0,0.0,0.0,0.0,0.0,0.0,0.0,0.0,0.00012662323958523855,0.001997833335678208,0.0,0.0,0.0,0.0,0.0,0.0,0.0,0.0,0.0,0.0,0.0,0.0,0.0,0.0,0.0,0.0,0.0,0.0,0.0
169-1,0.0008736167734420501,0.0,0.0,0.002850749471231953,0.0,0.0005211047420531526,0.0,0.0,0.003632406584311682,0.3600680501486681,0.025580112190785643,0.2775036017533642,0.0,0.0,0.0,0.0,0.0007050240627777948,0.0006283910124758606,0.0,0.009517824847500229,0.00041381847163044476,0.0,0.0,0.0,0.0,0.0,0.0,0.0,0.0,0.0,0.0,0.00021457254084541582,7.663305030193422e-05,0.0,0.0,0.0,0.0019924593078502898,0.0,0.0,0.0,0.0,0.2289182478619379,0.0,0.0,0.0,0.0013180884651932685,0.0,0.0,3.0653220120773686e-05,0.005900744873248934,0.007310792998804524,0.0,0.0,0.0,0.0,0.0,0.0,0.0,0.0,0.00660576893602673,0.0,0.0,0.0,0.0,0.0,0.0,0.0,0.0,0.0,0.0,0.0,0.0,0.0,0.0,0.0,0.007647978420133035,0.0,0.0,0.0,0.0,0.0,0.013426110412898875,0.024262023725592375,0.0042761242068479295,0.0,0.014345707016522085,0.00042914508169083164,0.0,0.0,0.0,0.0003831652515096711,0.00021457254084541582,0.0,0.0,0.0,0.0,0.0003525120313888974
148-1,0.06563044741429401,0.0032829750145264383,0.0,0.0,0.0,0.8495642068564788,0.0,0.040906449738524114,0.003224869262056944,0.0,0.0,0.0,0.0014235909355026148,0.0,0.0,0.0,0.00023242300987797793,0.0004938988959907031,0.0,0.0,0.0,0.0,0.006711214410226612,0.0006101104009296921,0.0004357931435212086,0.0,0.0,0.0,0.0,0.0,0.0,0.0009006391632771644,0.0001452643811737362,0.00046484601975595586,0.0,0.0,0.0,0.0,0.0,0.0,0.0,0.0,0.0018012783265543288,0.0,0.0,0.0,0.019203951191167926,0.0005229517722254503,0.00040674026728646135,0.0,0.0,0.0,0.0,0.0,0.0,0.0,0.0,0.0,0.0021208599651365485,0.0,0.0012202208018593842,0.0,0.0,0.0,0.0,0.0,0.0,0.0,0.0,0.0,0.0,0.0,0.0,0.0,0.0,0.00031958163858221964,0.0,0.0,0.0,0.0,0.0003776873910517141,0.0,0.0,0.0,0.0,0.0,0.0,0.0,0.0,0.0,0.0,0.0,0.0,0.0,0.0,0.0,0.0
123-1,0.0009578926362003592,0.0,0.0,0.0004789463181001796,0.0013570145679505088,0.0016363999201756136,0.0,0.0,0.015406106565555777,0.0637397725004989,0.5398523248852525,0.0007583316703252843,0.0,0.0,0.0,0.0,0.0,0.0,0.10892037517461585,0.06473757732987427,0.0,0.0,0.0,0.0,0.0014767511474755538,0.0,0.0,0.0,0.0,0.0,0.0,0.005188585112751946,0.0,0.0,0.0,0.0,0.014049091997605269,0.0,0.0,0.0,0.07248054280582718,0.0,0.013849531031730193,0.0027539413290760327,0.0,0.0,0.0,0.0,0.0,0.0,0.0,0.07850728397525444,0.0,0.0,0.0,0.0,0.0,0.0,0.0,0.003671921772101377,0.0,0.0,0.0008381560566753143,0.0,0.0,0.0,0.0,0.0,0.0,0.0,0.0,0.0,0.00019956096587507485,0.0,0.006705248453402515,0.0,0.0,0.0,0.0,0.0,0.0,0.0,0.0,0.0,0.0,0.0,0.0,0.0,0.002434643783675913,0.0,0.0,0.0,0.0,0.0,0.0,0.0,0.0
147-1,0.0002810436085999344,0.0,0.0006323481193498524,0.0,0.0,0.0017565225537495902,0.003255421799615907,0.0003278842100332568,0.0,0.0,0.0,0.2650475432104548,0.0,0.1234484050775212,0.054217996159070685,0.0,0.012131715771230503,0.0,0.3912361234718254,0.0,0.0,0.0,0.0,0.07342264274673287,0.005784814277015317,0.0,0.008642090964447983,0.0,0.0331397255140756,0.0,0.0003747248114665792,0.0,0.0,0.010117569909597638,0.0,0.0,0.0,0.003021218792449295,0.0,0.0,0.0,0.0,0.0,0.0,0.0,0.0,0.0,0.0,0.0039580308211157435,0.0023888706730994425,0.0003278842100332568,0.0,0.0,0.0011007541336830766,0.0,0.0,0.0,0.0011241744343997377,0.0,0.0,0.0,0.0,0.0,0.0,0.0,0.0,0.0034193639046325355,0.0,0.0,0.0,0.0,0.0,0.0,0.0,0.0,0.0,0.0,0.0,0.0,0.0,0.0,0.0,0.0,0.0,0.0,0.0,0.0005386669164832076,0.00030446390931659564,0.0,0.0,0.0,0.0,0.0,0.0,0.0,0.0,0.0
132-1,0.0,0.0,0.0,0.0,0.0007290784054858224,0.0,0.0,0.0,0.0006699639401761611,0.0,0.010778537508128239,0.01698555636564267,0.0,0.0,0.0,0.0,0.3512187432264675,0.0,0.0,0.01314311612051469,0.0,0.04626692151569489,0.0,0.0,0.0,0.0,0.0,0.0,0.0,0.0,0.0,0.0,0.0,0.0,0.0,0.0,0.0,0.0,0.3284596740822479,0.0,0.003093657017872273,0.0,0.0,0.0,0.0,0.0,0.0,0.0,0.0,0.0357248418688053,0.0002364578612386451,0.0,0.0,0.0,0.0,0.006581410471142289,0.0,0.0,0.0,0.0,0.0,0.0,0.00325129559203137,0.1647126051744862,0.0,0.0,0.0,0.0,0.0,0.001103470019113677,0.0,0.0,0.013793375238920965,0.0,0.0,0.0,0.0,0.0,0.0,0.0,0.0,0.0,0.0,0.00033498197008808054,0.0004729157224772902,0.0,0.0,0.0,0.0,0.0,0.0,0.0,0.0,0.0024433978994659994,0.0,0.0,0.0
152-1,0.0006482719500830598,0.0,0.0,0.0,0.0,0.0007698229407236335,0.0,0.0,0.0,0.6579555123374256,0.0,0.026336047972124306,0.0,0.0,0.0,0.11458206717718082,0.04043596288643086,0.0,0.0010534419188849722,0.0,0.0,0.0,0.0,0.0,0.0,0.0,0.0,0.0,0.0,0.07515902921275475,0.0,0.0,0.0,0.0,0.0,0.0,0.034804100320084276,0.0,0.009197358291803412,0.0,0.0,0.0,0.0,0.008387018354199586,0.0,0.0,0.0,0.0,0.0,0.0012155099064057372,0.00948097726996475,0.0,0.0,0.0,0.0,0.0,0.0,0.0,0.0,0.01041286819820915,0.0,0.0,0.0,0.0,0.0,0.0,0.0,0.0,0.0,0.0,0.0,0.0,0.0,0.0010939589157651635,0.0,0.0,0.0,0.0029577407722539604,0.0,0.0,0.0,0.0,0.0,0.004699971638102184,0.0,0.0,0.00044568696568210366,0.0,0.0,0.0,0.0,0.00036465297192172114,0.0,0.0,0.0,0.0,0.0
138-1,0.00042438556351022215,0.0,0.0,0.6607129677466972,0.0,0.23247103107240386,0.014336851428149678,0.010867960735109603,0.0033212783231234776,0.0,0.0,0.0,0.0,0.0,0.0017344453465200384,0.0,0.0,0.0,0.0,0.0,0.0,0.0,0.0,0.01819322459222083,0.000904125765739169,0.0,0.013008340098900287,0.002380249464905159,0.0013654144217285409,0.0,0.0,0.0,0.009336482397224887,0.0,0.00027677319359362313,0.01173518340836962,0.0,0.0,0.0,0.0,0.0003136762860727729,0.0,0.0,0.0,0.0,0.00011070927743744926,0.005443206140674588,0.003967082441508598,0.0,0.0,0.0011255443206140674,0.0,0.0,0.0011808989593327921,0.0,0.0,0.0,0.0,0.0,0.0,0.0020665731788323863,0.0,0.0,0.0,0.0,0.0036718577016754002,0.0,0.0,0.0,0.0,0.0,0.0008856742194995941,0.0,0.0,0.0,0.0,0.0,0.0,0.0,0.0,0.0,0.0,0.0,0.0,0.0,0.0,0.0,0.0,0.0,0.0,0.00016606391615617389,0.0,0.0,0.0,0.0,0.0,0.0
115-1,0.0,0.0,0.0,0.0008237466268995881,0.0,0.0,0.0,0.0005112910097997443,0.0,0.010026984803294987,0.354069024286323,0.2825734980826587,0.0,0.0,0.0006249112341996876,0.0,0.001817923590399091,0.0,0.11813662831984093,0.08001704303365999,0.0,0.00048288595369975855,0.0,0.0,0.0,0.0,0.0,0.0,0.0,0.0,0.0,0.0,0.0,0.0,0.0,0.0,0.005311745490697344,0.0,0.0,0.0,0.05808833972447096,0.005794631444397103,0.0,0.001817923590399091,0.0,0.0,0.0,0.0,0.0,0.010026984803294987,0.0026984803294986506,0.0,0.0,0.0,0.0,0.0,0.0,0.0,0.0,0.0037210623490981395,0.0,0.0,0.015736401079392132,0.0008521516829995739,0.0,0.0,0.0,0.0,0.0,0.045590115040477205,0.0,0.0,0.0,0.0,0.0,0.0,0.0,0.0,0.0,0.0,0.0,0.0,0.0009373668512995313,0.0,0.00034086067319982955,0.0,0.0,0.0,0.0,0.0,0.0,0.0,0.0,0.0,0.0,0.0,0.0
170-1,0.0010222684136098,0.0,0.0,0.0003407561378699334,0.0007326256964203568,0.0,0.0006644744688463701,0.0,0.0,0.056275876169219495,0.22803400746255942,0.0,0.0,0.0,0.0003407561378699334,0.0,0.0,0.0004600207861244101,0.0,0.0,0.006934387405653144,0.00020445368272196002,0.0,0.0,0.0,0.0,0.0,0.0,0.022745472202818053,0.0,0.0,0.0,0.0,0.0,0.0,0.0,0.012199069735743615,0.0001703780689349667,0.0,0.1335252926243334,0.0,0.0,0.0,0.0,0.2936636396163086,0.0,0.0,0.0,0.06539110285724022,0.0,0.02054759511355698,0.0,0.0,0.0,0.0,0.13468386349309117,0.0,0.0,0.0,0.0,0.0033223723442318506,0.0,0.0,0.0,0.0,0.0,0.0,0.0,0.0033564479580188438,0.0,0.0,0.0,0.0,0.0,0.0,0.0,0.0,0.0,0.0,0.0,0.0,0.0,0.0,0.0,0.0,0.0,0.0004429829792309134,0.0,0.0,0.0,0.0,0.0001703780689349667,0.014771778576661612,0.0,0.0,0.0,0.0
119-1,0.0,0.0,0.0,0.0,0.0007787805213248431,0.0,0.0,0.0,0.0,0.0,0.08470383434880205,0.002794447752989143,0.0,0.428558339823171,0.0,0.0,0.0,0.0,0.0005497274268175364,0.018415868798387466,0.0,0.0,0.019698566127628384,0.0,0.009024691923587888,0.0,0.0,0.0,0.0,0.0,0.0,0.0,0.0,0.0,0.12680379311924503,0.0,0.0,0.0,0.0,0.08694855467497366,0.0010994548536350727,0.0,0.12785743735397864,0.0,0.0,0.0,0.0,0.06033258509322461,0.0,0.0,0.004489440652343213,0.0,0.022538824499518988,0.0,0.0,0.0,0.0,0.0014659398048467635,0.0,0.0,0.0,0.0,0.0,0.0,0.0,0.0,0.0,0.0,0.0,0.0,0.0,0.0,0.0,0.0,0.0,0.002931879609693527,0.0,0.0,0.0,0.0,0.0,0.0,0.0,0.0002290530945073068,0.0,0.0,0.0003664849512116909,0.0,0.0,0.0,0.00041229557011315224,0.0,0.0,0.0,0.0,0.0,0.0
105-1,0.0,0.0028581035642232682,0.0,0.0,0.0,0.0,0.0,0.0,0.0,0.043544048419636855,0.0073414032728087875,0.0,0.0,0.0,0.0,0.00028020623178659493,0.0,0.0,0.0,0.5590114324142569,0.0,0.004707464694014795,0.0,0.0,0.0,0.0,0.0,0.0,0.0,0.10675857431069267,0.0,0.0021856086079354406,0.0,0.0,0.0,0.0,0.0,0.0,0.0,0.06411118583277292,0.0,0.0,0.0004483299708585519,0.0,0.0,0.0,0.0,0.0,0.0,0.0,0.0,0.0,0.0,0.0,0.0,0.0,0.0,0.0,0.0,0.0025218560860793544,0.0,0.10530150190540237,0.0,0.0,0.0,0.0,0.0,0.0,0.0,0.0,0.0,0.0,0.0,0.06708137188971083,0.0,0.0,0.0,0.0,0.0,0.0,0.004707464694014795,0.0,0.0,0.0,0.0,0.0,0.026283344541582605,0.0,0.0,0.0016812373907195697,0.0011768661735036988,0.0,0.0,0.0,0.0,0.0,0.0
120-1,0.0,0.011428571428571429,0.0,0.0,0.0,0.0012422360248447205,0.0,0.0015734989648033125,0.0034782608695652175,0.10906832298136646,0.059130434782608696,0.057971014492753624,0.0,0.06070393374741201,0.0011594202898550724,0.0,0.006625258799171843,0.0,0.0,0.0,0.09250517598343685,0.0,0.0,0.0,0.0013250517598343684,0.0,0.0,0.0,0.038923395445134575,0.0007453416149068323,0.0016563146997929607,0.0021532091097308487,0.0,0.0,0.0,0.0,0.0016563146997929607,0.0,0.0,0.2377639751552795,0.0,0.0,0.0,0.0,0.0420703933747412,0.0,0.0005797101449275362,0.0,0.0,0.0,0.01763975155279503,0.0,0.0,0.0,0.0,0.025921325051759835,0.0,0.0,0.0,0.0,0.0,0.0,0.0,0.0,0.0,0.0,0.0,0.0,0.0,0.0,0.1713457556935818,0.0,0.0,0.0,0.0,0.005383022774327122,0.0,0.0084472049689441,0.0,0.005797101449275362,0.0,0.0,0.0,0.0,0.0,0.0,0.006459627329192546,0.0,0.0,0.0,0.0,0.0,0.02360248447204969,0.0,0.0036438923395445133,0.0,0.0
129-1,0.0,0.0012585154988919592,0.0,0.0,0.004432163278706465,0.04068288145331181,0.0,0.0004103854887691171,0.004076495855106563,0.19769636945637603,0.060737052337829334,0.15222565730075785,0.0,0.0,0.0,0.0010943613033843123,0.0009575661404612733,0.0,0.0,0.0,0.36951109408771304,0.0,0.0,0.0,0.0,0.0,0.0005198216191075484,0.0,0.0,0.0,0.0,0.014691800497934393,0.0,0.0,0.0,0.0024896719651993104,0.002571749062953134,0.0,0.0,0.0,0.0,0.0,0.0,0.0,0.0,0.0,0.0,0.0,0.0,0.0,0.00021887226067686248,0.004842548767475582,0.0,0.0,0.0024075948674454873,0.0,0.0004924625865229405,0.0,0.0,0.0006292577494459796,0.0,0.1114333397171076,0.0,0.0,0.0,0.0,0.0,0.0,0.0,0.0,0.0,0.0,0.0,0.00112172033596892,0.0,0.0,0.017646576017072035,0.0,0.0,0.0,0.0,0.0,0.0,0.003857623594429701,0.0,0.0,0.0,0.0,0.0,0.0,0.0,0.0,0.0,0.0008207709775382342,0.0,0.0,0.003173647779814506
140-1,0.00254870620761156,0.0,0.0,0.0,0.0017279364119400407,0.0,0.0,0.0006047777441790142,0.0,0.0,0.06825348827163161,0.0,0.0,0.0,0.0,0.0,0.0,0.0,0.0,0.0,0.0595706078016329,0.0,0.0,0.0,0.00017279364119400406,0.0,0.0,0.0,0.01576741975895287,0.0,0.0,0.0,0.0,0.0,0.0,0.0,0.006609356775670656,0.0,0.0,0.17197287139833253,0.0,0.0,0.00012959523089550306,0.0,0.09127824096073264,0.0,0.0,0.0,0.12622575489221996,0.0,0.003542269644477083,0.0,0.0,0.0,0.0,0.0,0.0,0.0,0.0,0.017365760939997407,0.0,0.033046783878353275,0.0,0.0,0.0,0.0,0.0,0.0,0.0,0.0,0.0,0.0,0.0,0.0,0.16799861765087046,0.0,0.15132403127564906,0.0061773726726856455,0.0,0.0,0.006134174262387144,0.0,0.0,0.0,0.0,0.0,0.0008639682059700203,0.0,0.06518640114043803,0.0,0.0,0.0,0.003499071234178582,0.0,0.0,0.0,0.0
167-1,0.0007912783541410233,0.0,0.0,0.0,0.00019049293710802416,0.0,0.00020514623996248753,0.0003077193599437313,0.0,0.0440771349862259,0.0,0.25442529746204795,0.0,0.56444522595393,0.0,0.0,0.0,0.0,0.0,0.0,0.023474591172850362,0.0,0.0,0.0,0.0,0.0,0.0,0.0,0.0,0.0,0.0,0.0010696911083758278,0.0,0.0,0.0,0.0,0.03707285622179239,0.0,0.0,0.0,0.0,0.0,0.0,0.0,0.0,0.00021979954281695093,0.0,0.0,0.0,0.010154738878143133,0.012455307426293886,0.0,0.0,0.0,0.003985698376414043,0.0,0.0,0.0,0.0,0.03042025672586601,0.0014213703768829495,0.0,0.0,0.0,0.0,0.0,0.0,0.0,0.009334153918293184,0.0,0.0,0.0,0.0,0.0,0.0,0.0,0.0,0.0,0.0,0.0,0.0,0.0,0.0,0.004249457827794385,0.0,0.0,0.0009378113826856573,0.0,0.0,0.0,0.00013187972569017056,0.0,0.0,0.0,0.0004982122970517554,0.00013187972569017056,0.0
161-1,0.0,0.0,0.0,0.0009127346323266796,0.00111115520457161,0.1432993372752887,0.0,0.0,0.0,0.0,0.541132584626374,0.05603396960196833,0.0,0.06825667685225605,0.0,0.0,0.004722409619429342,0.0,0.002301678638041192,0.12528274931544903,0.0,0.0,0.0,0.0,0.0,0.0,0.0,0.0,0.0,0.0,0.0,0.0,0.0,0.0,0.0,0.0,0.0010317869756736378,0.0,0.0050001984205722445,0.0,0.0003968411444898607,0.0,0.0,0.0,0.0,0.0,0.0,0.0,0.0,0.007579665859756339,0.0030556768125719275,0.0,0.0,0.0,0.0,0.0,0.0,0.0,0.0,0.0008730505178776935,0.0,0.0,0.0,0.0,0.0,0.0,0.0,0.0,0.0,0.0,0.0,0.0,0.0,0.0,0.0,0.0,0.0037699908726536767,0.0,0.0013889440057145124,0.0,0.0,0.023373943410452794,0.0,0.001150839319020596,0.0,0.0029366244692249693,0.0,0.0,0.0,0.006389142426286757,0.0,0.0,0.0,0.0,0.0,0.0,0.0
136-1,0.0003528102694927674,0.0,0.0,0.0020354438624582733,0.0023882541319510406,0.0003528102694927674,0.0,0.0016283550899666187,0.0,0.13124542025130947,0.31348549407007353,0.004695090509403751,0.0,0.0,0.0,0.0,0.03007029066138356,0.0,0.0,0.21057345238418324,0.0,0.0,0.0,0.0,0.0,0.0,0.0,0.0,0.0,0.0,0.0,0.0,0.0,0.0,0.0,0.0,0.0014383803294705131,0.0,0.0054007110483892855,0.0,0.037180774554237794,0.0,0.023475452547018754,0.0,0.0,0.0,0.0,0.0,0.0,0.04372133416560371,0.008684560479821966,0.0,0.0,0.0,0.004342280239910983,0.0,0.0,0.0,0.0,0.004966483024398187,0.0,0.0,0.13572339674871767,0.0015197980839688442,0.0,0.0,0.0,0.0,0.0,0.03403262138030233,0.0,0.0,0.0,0.0,0.0,0.0,0.0,0.0,0.0,0.0,0.0,0.0,0.0,0.0,0.002686785898444921,0.0,0.0,0.0,0.0,0.0,0.0,0.0,0.0,0.0,0.0,0.0,0.0
145-1,0.0,0.0,0.0,0.010384272646261844,9.093058359248549e-05,0.0,0.0011275392365468202,0.0,0.0,0.008329241457071672,0.0,0.0005819557349919072,0.001109353119828323,0.0,0.003328059359484969,0.0008911197192063579,0.0003455362176514449,0.0,0.0,0.0,0.0,0.0,0.0,0.0006728863185843926,0.0003273501009329478,0.0,0.0006365140851473985,0.0,0.0,0.6985287431574736,0.0,0.0,0.0,0.0,0.0004364668012439304,0.0,0.018004255551312128,0.00036372233436994197,0.0,0.031061887355193045,0.0,0.0,0.0,0.0,0.02722461672759016,0.0,0.0,0.0004728390346809246,0.014239729390583229,0.011402695182497681,0.0005092112681179188,0.0,0.0,0.0001091167003109826,0.04868423445541673,0.00952952516049248,0.0,0.0,0.0007456307854583811,0.014694382308545657,0.0,0.0,0.0,0.0,0.0,0.0,0.0006001418517104042,0.0,0.0035462927601069344,0.0,0.045174313928746795,0.0,0.0,0.006837979886154909,0.002418753523560114,0.0,0.0,0.0,0.0,0.0,0.012257442668267044,0.0,0.0,0.0,0.0,0.0,0.0,0.0,0.0,0.02533326058886646,0.0,0.0,0.0,0.0,0.0,0.0,0.0
144-1,0.0005743075678074503,0.0,0.0006526222361448299,0.0,0.00033936356279531157,0.0,0.0,0.0006526222361448299,0.0,0.0,0.006761166366460438,0.00318479651238677,0.0,0.005194872999712846,0.0,0.015897877672488056,0.00046988801002427753,0.0,0.00783146683373796,0.0,0.0,0.0,0.0,0.0,0.0,0.0,0.0,0.0,0.0,0.19004359516537447,0.0,0.0,0.0,0.0,0.0,0.0,0.02098833111441773,0.0,0.0,0.0,0.6502989009841543,0.0,0.0253217427624194,0.0004959928994700707,0.0,0.0,0.0,0.0,0.0,0.00514266322082126,0.021536533792779387,0.0,0.0,0.0,0.006761166366460438,0.00033936356279531157,0.0,0.0,0.0,0.0,0.0,0.0,0.0,0.0,0.0,0.0,0.0009658809094943483,0.0,0.004620565431905396,0.0,0.0,0.0,0.0,0.0,0.00033936356279531157,0.0,0.0,0.003289216070169943,0.0019839715978802828,0.00579528545696609,0.0,0.0,0.0,0.003576369854073668,0.002114496045109249,0.0,0.008536298848774375,0.0,0.0,0.0,0.0,0.0010964053567233142,0.00441172631633905,0.0,0.0,0.00046988801002427753,0.00031325867334951836
168-1,0.29980300673924315,0.0,0.0,0.009020217729393468,0.08089165370658372,0.0005391394504924832,0.008750648004147226,0.0,0.0,0.0,0.0,0.0,0.2765163297045101,0.0026127527216174185,0.004271643338517366,0.0007465007776049767,0.0,0.037242094349403836,0.0,0.002073613271124935,0.00018662519440124418,0.0,0.0,0.008875064800414723,0.022498703991705546,0.0,0.006365992742353551,0.0,0.06907205806117159,0.010803525142560912,0.002488335925349922,0.0,0.0,0.0,0.007091757387247278,0.0,0.0,0.0012856402280974598,0.0,0.0,0.0,0.0012234318299637118,0.003483670295489891,0.005619491964748574,0.0013063763608087092,0.0002488335925349922,0.0,0.003359253499222395,0.006220839813374806,0.0,0.0007672369103162261,0.0020321410057024367,0.00041472265422498703,0.020279937791601865,0.0463452566096423,0.0,0.004561949196474857,0.005806117159149819,0.0029030585795749094,0.0,0.0022187662001036806,0.0,0.0,0.0,0.0,0.018434421980300673,0.0,0.0,0.0,0.0,0.0,0.004354587869362364,0.0,0.0,0.0,0.0,0.0,0.0,0.0,0.0,0.017729393468118197,0.0,0.0,0.0,0.0,0.0,0.0,0.0015552099533437014,0.0,0.0,0.0,0.0,0.0,0.0,0.0,0.0,0.0
114-1,0.0,0.5169221429655486,0.0,0.0,0.0,0.0013026761774674964,0.0,0.0,0.004881873830120909,0.0,0.03039156169373198,0.0,0.0,0.0,0.0,0.00017706278140334903,0.0,0.0,0.00048059897809480447,0.0,0.0007967825163150706,0.00021500480598978094,0.0002655941721050235,0.0,0.0,0.0,0.0,0.0,0.0,0.0,0.3487630899984823,0.021310770476045935,0.009801689684828249,0.0,0.0,0.02783679870491223,0.009902868417058733,0.0,0.0,0.0,0.0,0.0,0.010244346638336621,0.0,0.0,0.0,0.0,0.0005944250518541003,0.0,0.0004300096119795619,0.0,0.0,0.0,0.0,0.008423129458187888,0.0,0.0,0.0,0.00041736227045075126,0.0,0.0,0.004287448778266808,0.0,0.0,0.0,0.0,0.0,0.0,0.0008853139070167451,0.0,0.0,0.0,0.0,0.0,0.0,0.0,0.0,0.0,0.0,0.0,0.0,0.0,0.0,0.0,0.0,0.0,0.0,0.001669449081803005,0.0,0.0,0.0,0.0,0.0,0.0,0.0,0.0,0.0
121-1,0.0,0.3349728629579376,0.0,0.0,0.0,0.008497286295793759,0.01416214382632293,0.0,0.09669267299864315,0.0,0.06521370420624152,0.0008649932157394844,0.0,0.0,0.0,0.0,0.0006614654002713704,0.0006275440976933514,0.05452849389416554,0.005427408412483039,0.0,0.00032225237449118045,0.0,0.0,0.0,0.0,0.0,0.0007293080054274084,0.0,0.0,0.0,0.36333107191316144,0.0,0.0,0.00032225237449118045,0.0,0.0,0.0,0.0,0.0,0.020641112618724557,0.0026967435549525103,0.0,0.0,0.0,0.0,0.0009837177747625508,0.0,0.0006105834464043419,0.0,0.0008310719131614653,0.008717774762550881,0.0012381275440976934,0.0,0.0,0.0,0.0,0.0,0.0,0.0002883310719131615,0.0,0.0006275440976933514,0.014670963364993215,0.0,0.0002883310719131615,0.0,0.0,0.0004918588873812754,0.0,0.0,0.0,0.0,0.0,0.0,0.0008310719131614653,0.0,0.0,0.0,0.0,0.0,0.0,0.0,0.0,0.0,0.0,0.0,0.0,0.0,0.00030529172320217096,0.00042401628222523747,0.0,0.0,0.0,0.0,0.0,0.0,0.0
131-1,0.0011439969493414685,0.0,0.0,0.0,0.0,0.0,0.0,0.0,0.0009679974186735502,0.06635182306180516,0.11519169282215247,0.0050159866240356695,0.0,0.0,0.0,0.31823648470270743,0.0,0.0,0.27188994162682234,0.0,0.0,0.0,0.0,0.0,0.0,0.0,0.0,0.0,0.0,0.0,0.0,0.0005279985920037546,0.0,0.0,0.0,0.0,0.0,0.0,0.0,0.0,0.0,0.028247924672200875,0.018186618169018214,0.0,0.0,0.0,0.0,0.0,0.0,0.1496582675779531,0.007186647502273327,0.0,0.0,0.0,0.0,0.0021413276231263384,0.0,0.0,0.0,0.002669326215130093,0.0,0.0020239946026810595,0.00043999882666979554,0.0,0.0,0.0,0.0,0.0,0.0,0.0,0.0,0.0,0.0,0.0,0.009650640931624183,0.0,0.0,0.0,0.0,0.0,0.0,0.0,0.0,0.0,0.0,0.0,0.0,0.0,0.0,0.0,0.0,0.0,0.0,0.00046933208178111523,0.0,0.0,0.0
106-1,0.0,0.0,0.0,0.0,0.0,0.0,0.0,0.0,0.0,0.21516284036305391,0.026618869651437723,0.0,0.0,0.0,0.0,0.12478071848066509,0.0,0.0,0.34001983067653113,0.0,0.11234840973228587,0.002135611318739989,0.0,0.0,0.0,0.0,0.015254366562428495,0.009610250934329953,0.0,0.0,0.0,0.0,0.10510258561513233,0.0,0.0,0.0,0.0015254366562428496,0.0,0.0,0.011974677751506369,0.0,0.0,0.0,0.0,0.010983143924948516,0.0,0.0,0.0,0.0,0.013500114407749219,0.0,0.0,0.0,0.0009915338265578523,0.0,0.0,0.0,0.0,0.0,0.0038135916406071236,0.0,0.0,0.0,0.0,0.0,0.0,0.0,0.0,0.0,0.0,0.0,0.0,0.0,0.0,0.0,0.0,0.0,0.004347494470292121,0.0,0.0,0.0,0.0,0.0,0.0013728929906185645,0.0,0.0,0.0,0.0,0.0,0.0,0.0,0.0004576309968728549,0.0,0.0,0.0,0.0,0.0
102-1,0.0,0.0006865145655506991,0.0,0.0,0.0,0.0,0.0,0.0,0.0,0.06347971349458797,0.0,0.1065470605734685,0.0,0.0,0.004714066683448133,0.0,0.013844710405272432,0.0,0.7032197533124328,0.0,0.0,0.0,0.0,0.0,0.0,0.0,0.0,0.005446348886702213,0.00874161880134557,0.003890249204787295,0.0,0.0,0.0,0.0,0.025950250577816424,0.0,0.0010984233048811185,0.0011213071237328085,0.00791780132268473,0.0017391702327284378,0.027643653172841485,0.0,0.0,0.003798713929380535,0.0,0.0,0.0,0.0,0.0,0.0,0.0006407469278473191,0.0,0.0,0.0,0.0009382365729192888,0.0,0.0,0.0,0.0,0.0,0.0,0.0,0.0,0.0,0.008947573171010779,0.0,0.0,0.004416577038376164,0.0,0.0,0.0,0.0,0.0,0.0,0.0,0.005034440147371793,0.0,0.0,0.0,0.0,0.0,0.0,0.0,0.0,0.0,0.0,0.0,0.0,0.0,0.0,9.153527540675988e-05,9.153527540675988e-05,0.0,0.0,0.0,0.0,0.0
163-1,0.00011025966150283919,0.0,0.0006891228843927449,0.0,0.0,0.0,0.0,0.15665141408015879,0.0,0.0025084072991895913,0.0061469761287832846,0.11745410441589944,0.2357902861238216,0.0,0.0006339930536413253,0.0,0.0,0.2610397486079718,0.0,0.0030321406913280777,0.0,0.0,0.0,0.0016814598379182976,0.00807652020508297,0.0,0.004465516290864987,0.0,0.0,0.0,0.0,0.0,0.0,0.0,0.0,0.0,0.0,0.0036110039142179832,0.0,0.014388885826120515,0.0,0.0,0.0,0.0,0.007800871051325872,0.0,0.0,0.0,0.006036716467280445,0.0022603230608082034,0.0,0.03525552676553283,0.005705937482771928,0.0,0.0,0.0,0.0,0.0010199018689012625,0.0,0.0,0.0,0.0,0.0,0.0,0.0,0.028143778598599702,0.0,0.0,0.0,0.0,0.061745410441589946,0.0008820772920227135,0.0,0.0,0.02433982027675175,0.0,0.0073047025745630965,0.0,0.0,0.0,0.0,0.0,0.0,0.0,0.0,0.0,0.0,0.0,0.0011852913611555213,0.0,0.002039803737802525,0.0,0.0,0.0,0.0,0.0,0.0
127-1,0.0,0.0,0.0,0.0001216781855348973,0.0,0.0,0.0,0.0,0.0,0.011462085077387326,0.5123868392874525,0.1591307310425387,0.0,0.0,0.0,0.0,0.0,0.0,0.0,0.0,0.0,0.00019468509685583569,0.0,0.0,0.0,0.0,0.0,0.0,0.0,0.017521658717025212,0.0,0.0,0.0,0.0,0.0,0.0,0.07174145819137545,0.0,0.0,0.0,0.0,0.0,0.0,0.0,0.0,0.0,0.0,0.0,0.0,0.0,0.0,0.0,0.0,0.0,0.0,0.0,0.0,0.0,0.0,0.016523897595639055,0.0,0.0,0.0,0.0,0.0,0.0,0.0,0.0,0.016937603426457705,7.300691132093838e-05,0.0,0.0,0.0,0.0004867127421395892,0.010659009052857004,0.0,0.0,0.0,0.1700087608293585,0.0,0.0,0.0,0.006278594373600701,0.0,0.0,0.0,0.0,0.0,0.0,0.002019857879879295,0.0002920276452837535,0.0,0.0,0.0005353840163535481,0.0002920276452837535,0.0031879684610143094,0.00014601382264187675
