,dihydrokaempferol,gamma-glutamyltyrosine,epicatechin,2-palmitoyl-GPC* (16:0)*,dexpanthenol,mannose,N-methylleucine,4-hydroxyhippurate,vanillin,leucylglycine,3-methyl-2-oxobutyrate,p-cresol sulfate,taurolithocholate 3-sulfate,dimethyl sulfone,taurochenodeoxycholate,pyridoxine (Vitamin B6),isobutyrylcarnitine (C4),3-(N-acetyl-L-cystein-S-yl) acetaminophen,lanosterol,ectoine,cortolone glucuronide (1),"sphingomyelin (d18:2/24:1, d18:1/24:2)*",sucralose,N-carbamoylalanine,N-methyl-GABA,2-myristoylglycerol (14:0),tartronate (hydroxymalonate),4-hydroxybenzoate,1-palmitoyl-2-arachidonoyl-GPC (16:0/20:4n6),chlorogenate,8-hydroxyguanine,5-methylthioadenosine (MTA),beta-hydroxyisovalerate,"bilirubin (E,E)*",retinol (Vitamin A),linolenoyl-linolenoyl-glycerol (18:3/18:3) [2]*,vanillic acid glycine,tiglyl carnitine (C5),ascorbic acid 3-sulfate*,ponciretin,daidzein,"1,6-anhydroglucose","1,2-dilinolenoyl-galactosylglycerol (18:3/18:3)*",tetrahydrocortisol glucuronide ,pantetheine,2-methylmalonylcarnitine (C4-DC),"5,6-dihydrouracil","N,N-dimethylalanine",behenoyl ethanolamide (22:0)*,N-propionylmethionine,1-linoleoyl-digalactosylglycerol (18:2)*,gamma-glutamyl-alpha-lysine,dopamine 3-O-sulfate,"1,3-propanediol",2-hydroxyheptanoate*,3-phenylpropionate (hydrocinnamate),citrate,methionine sulfone,eriodictyol,N(1)-acetylspermine,"1,3-dimethylurate",argininosuccinate,palmitoylcholine,soyasaponin I,isocaproate (i6:0),methyl indole-3-acetate,3-hydroxystearate,N-succinyl-leucine,C-glycosyltryptophan,maltol,stearidonate (18:4n3),tryptamine,4-acetamidobenzoate,2-stearoyl-GPE (18:0)*,3-hydroxy-2-methylpyridine,tyrosylglycine,N-acetylsphingosine,gamma-glutamylglutamate,tartarate,N-succinyl-phenylalanine,dihydroferulic acid sulfate,xylose,hypotaurine,spermine,N-carbamoylaspartate,phenol sulfate,3-hydroxyhexanoate,solanidine,3-hydroxymargarate,8-hydroxyoctanoate,vanillylmandelate (VMA),heptadecatrienoate (17:3)*,gamma-glutamylisoleucine*,etiocholanolone glucuronide,guanidinosuccinate,paraxanthine,"sphingomyelin (d18:1/20:0, d16:1/22:0)*",taurochenodeoxycholic acid 3-sulfate,12-dehydrocholate,pimelate (C7-DC),10-undecenoate (11:1n1),diosmetin,1-linoleoyl-GPC (18:2),ribitol,1-linoleoyl-GPE (18:2)*,5-acetylamino-6-formylamino-3-methyluracil,2-oxo-1-pyrrolidinepropionate,pseudouridine,"2,8-quinolinediol",tauroursodeoxycholate,decanoylcarnitine (C10),behenoyl sphingomyelin (d18:1/22:0)*,N-acetyl-3-methylhistidine*,sarcosine,indole,leucylalanine,glycyrrhetinate,gamma-glutamylvaline,propionylcarnitine (C3),beta-citrylglutamate,3-hydroxystachydrine*,allo-threonine,ergosterol,butyrylglycine (C4),glutarylcarnitine (C5-DC),syringaldehyde,hesperidin,"3,4-dihydroxyphenylacetate",N-oleoylglycine,myristoleoylcarnitine (C14:1)*,isoursodeoxycholate,N-acetylcarnosine,indolin-2-one,N1-methylinosine,3-hydroxydecanoate,luteolin,1-ribosyl-imidazoleacetate*,3beta-hydroxy-5-cholestenoate,gamma-CEHC,phenylacetylaspartate,"1,5-anhydroglucitol (1,5-AG)",lithocholate,isovitexin,"3,5-dihydroxyphenylpropionate",myristoylcarnitine (C14),(R)-salsolinol,1-myristoyl-2-palmitoyl-GPC (14:0/16:0),levulinate (4-oxovalerate),orotidine,3-hydroxyoctanoate,dihydroquercetin,histidine betaine (hercynine)*,"5,6-dihydrothymine"
158-1,35122.1484,801903.375,14969.4971,0.0,0.0,213843.3594,294161.5938,179120.8281,280435.5625,842122.875,1555419.625,885974.125,395911.4688,0.0,338169.4375,334612.0625,0.0,0.0,149950.0313,0.0,81653.375,144836.9688,15911883.0,0.0,3484698.5,291396.125,354625.875,89535.4219,0.0,2041127.75,270514.75,93393.6641,0.0,307280.5313,104972.6172,4490753.0,84106.4609,0.0,0.0,169272.375,1168142.75,325002.9375,188729.5,111285.1328,0.0,1952938.25,715838.0625,0.0,0.0,1878019.25,152613.7344,1979687.25,0.0,0.0,223990.4375,3846455.5,7288858.5,0.0,982313.3125,0.0,116711.6016,0.0,0.0,3195809.0,0.0,90381.5859,0.0,0.0,146115.9375,1263229.0,3468356.0,0.0,0.0,31279.9023,784921.625,0.0,5092503.5,804339.8125,2820322.25,0.0,157259.3906,0.0,104293.1016,0.0,123596.2891,936745.25,0.0,0.0,3047853.75,0.0,117927.1484,218562.0469,2638440.5,0.0,0.0,58702.4648,0.0,993185.875,9134114.0,0.0,124112.8906,296136.7188,370606.6875,639049.1875,0.0,730844.3125,1005280.1875,626843.125,0.0,0.0,276264.375,151469.1875,0.0,1249233.25,0.0,0.0,356249.1563,800266.375,0.0,32966.3203,10931879.0,560365.25,503272.0938,102689.1641,677172.0625,583118.875,0.0,527806.4375,1775664.25,0.0,0.0,771993.625,198552.8906,0.0,109415.1094,4061295.75,0.0,0.0,71078.6875,0.0,470346.875,0.0,94639.2656,241617.25,0.0,0.0,321497.25,0.0,0.0,75585.6719,155188.9688,285789.5625,2606934.0
127-1,85954.9453,70059.5391,730881.6875,71056.25,0.0,0.0,1210068.25,105783.0703,100135.2734,127926.0469,433435.0625,32256.7656,2629035.0,0.0,404803392.0,2128305.0,0.0,0.0,342874.5625,182614.0781,376295.8125,0.0,27320896.0,0.0,0.0,0.0,206159.9844,226858.0625,158712.6406,1829162.25,43041.5234,0.0,1212691.25,0.0,102689.8438,0.0,54492.0898,82276.8516,206837.3438,0.0,0.0,866518.0,0.0,3480187.75,0.0,0.0,459638.5,1044219.125,0.0,0.0,0.0,1046623.3125,0.0,0.0,168337.2188,0.0,5336767.5,0.0,214229.9844,0.0,460401.2813,284429.2813,76717.8594,1246634.25,0.0,0.0,268137.1875,107500.7188,120776.3906,0.0,165834.5156,35187.2266,52455.0,0.0,494338.4063,0.0,0.0,0.0,0.0,110325.5313,130901.0391,0.0,116465.5313,0.0,0.0,7735721.0,0.0,0.0,0.0,0.0,146263.2344,0.0,890282.5,415220.9375,69460.3438,310027.1563,0.0,19952688.0,33060.7773,0.0,0.0,0.0,0.0,2291449.25,1094287.25,979331.1875,772316.25,0.0,0.0,776464.3125,0.0,0.0,743652.25,579468.875,0.0,0.0,0.0,477357.6563,0.0,61509.4883,0.0,591038.8125,0.0,0.0,648719.5,0.0,215480.3125,0.0,0.0,1148056.125,0.0,552773.25,0.0,98126.6328,96177.7188,357214.125,105436.0,0.0,0.0,0.0,0.0,216538.6719,466132.125,0.0,0.0,1158054.375,351004.4063,309963.625,623957.625,60232.0938,48894.7305,21542132.0,1104682.5
126-1,96348.9609,0.0,596676.3125,716749.9375,0.0,1106808.25,0.0,0.0,188217.6094,10662726.0,462241.1875,84303.7344,1169215.5,461066.6563,0.0,108806432.0,0.0,12843473.0,291570.25,0.0,0.0,0.0,33614856.0,86857.875,2836165.0,21015842.0,0.0,1211734.125,0.0,31361200.0,202939.9688,0.0,0.0,0.0,0.0,6284160.5,0.0,253463.9219,703211.25,1157466.25,89007.125,0.0,1598538.375,49420.2852,517344.2813,277573.4688,254048.875,0.0,117474.3672,160020.5781,52599680.0,0.0,206497.0,1437968.125,698945.6875,910810.875,11820700.0,74027.7188,215870.3438,118738.3203,884381.0,174844.6094,1650052.125,0.0,240570.0,0.0,1013102.8125,277833.5625,127377.7422,1447214.75,0.0,32765786.0,64119.6875,0.0,224818.25,625869.75,7102028.5,763949.6875,1262747.625,206464.1406,246172.1719,26057156.0,212286.4219,0.0,105346.2656,50488.6992,0.0,0.0,425722.5938,161749.2813,157537.3438,84377.0078,1729889.25,0.0,106018.8906,169173.0938,0.0,0.0,11486029.0,517561.4688,0.0,12362817.0,6824673.5,367168.4375,2953111.75,7254115.0,0.0,679117.0,354640.125,1241220.625,10093667.0,0.0,0.0,0.0,0.0,21804082.0,0.0,213802.6719,1758673.75,29427.5918,50363260.0,386131.5,0.0,464215.625,415661.5938,0.0,4738329.0,188093.3281,0.0,32125184.0,12968318.0,922436.6875,0.0,338631.125,124246.7734,313132.5,0.0,694644.9375,142545.5938,544215.375,148383.1719,463732192.0,150696.0625,292014.0938,18920392.0,0.0,258032.9688,1831175.5,0.0,138013.1719,503109.4688,1931152.625,2960594.25
132-1,0.0,244754.0156,0.0,2002286.25,1024230.8125,147490.1719,194304.9531,1164381.75,174476.4219,2070849.25,0.0,154213.1563,0.0,13669834.0,113476552.0,1422271.125,4532218.0,0.0,0.0,1253809.375,378765.4375,2779691.25,24837152.0,251945.9531,5705390.0,2646773.0,368452.8438,728974.9375,4623323.5,3868306.0,2952485.5,309651.5313,3288177.5,0.0,188856.0,0.0,2380893.75,105617.1875,3458769.0,0.0,69034.7266,2717617.5,0.0,4829678.0,57235.3438,927175.5625,0.0,2570071.75,0.0,789152.5625,10720786.0,1126277.25,223229.7344,266518.125,1151854.25,24411.2168,6312088.0,0.0,60968.7148,168438.9688,849059.875,455928.1563,276015.6563,1554993.25,0.0,155348.625,2733656.75,101828.3047,389279.6563,543899.5,587530.0625,303841.0938,195269.0,645140.75,0.0,203705.8906,1186096.0,0.0,228602.8594,0.0,164601.9531,0.0,153875.7969,140987.8594,0.0,148861600.0,148315.0938,58066.6875,0.0,372694.3438,1298404.75,661569.3125,0.0,75469.2109,0.0,384557.1563,933138.375,201875.9531,0.0,533846.0625,179531.3125,0.0,4378326.0,328742.4688,2557156.75,9081134.0,1728553.75,134856.8281,1625708.625,0.0,0.0,3405984.25,1204826.875,808286.625,268947.1875,1034353.25,0.0,0.0,0.0,0.0,34638592.0,874569.625,0.0,0.0,1279432.5,0.0,261573.6875,0.0,741870.6875,1658121.625,0.0,927736.1875,634942.375,0.0,177991.5156,181263.9844,1876179.0,0.0,100625.1172,198423.875,0.0,0.0,48115.3242,0.0,5448758.0,0.0,0.0,545957.6875,7448676.5,275230.7813,0.0,17164394.0,0.0
140-1,214249.4531,0.0,1064226.625,0.0,139292.2656,594956.4375,480904.5938,0.0,0.0,0.0,3181437.0,0.0,0.0,28081958.0,2316014.5,5251723.5,0.0,0.0,0.0,1204562.75,227424.2813,221550.0625,1581984.0,208622.2031,4253746.0,1122175.125,0.0,745573.9375,0.0,82896.5625,0.0,183741.7656,0.0,706162.0,0.0,0.0,25625.0645,0.0,109984.3594,7963004.0,47454.0859,0.0,0.0,639144.9375,0.0,366445.1563,5724165.5,7917641.0,151171.8906,184348.75,0.0,1212577.75,612541.0,0.0,238610.9844,9793683.0,9497600.0,113084.9453,976964.9375,88932.1641,211503.0,0.0,0.0,299484.3438,301625.1875,150053.1563,0.0,14200534.0,140086.25,0.0,0.0,252395.0313,97973.6797,74737.1719,0.0,19730.6406,610739.5625,2251228.0,0.0,8593525.0,480915.5625,654496.9375,683784.3125,0.0,61062.8906,10289660.0,38053.1133,0.0,0.0,0.0,0.0,0.0,27419948.0,300534.3125,0.0,0.0,552146.1875,33792.2344,867507.1875,744747.25,71595.9063,780801.5625,0.0,0.0,1487193.125,0.0,919854.3125,103352.4453,3542038.75,144705.3594,0.0,813338.875,662328.0625,415902048.0,188834.4063,0.0,281467.8438,1724950.625,0.0,111062.3906,291591072.0,1316560.25,659989.8125,0.0,202249.8125,55379.7773,29912.998,0.0,501620.4375,565487.1875,449508.5,973194.875,198563.6563,0.0,0.0,2222812.0,0.0,144472.5469,541836.0,98080.4375,0.0,0.0,407055.6563,247944.2969,703933.0625,8228621.5,0.0,0.0,89879.3672,0.0,105009.4141,0.0,1949823.75
175-1,0.0,0.0,179916.625,525258.75,178674.3281,0.0,202743.3125,0.0,94187.125,0.0,0.0,0.0,0.0,0.0,54012.2188,0.0,4507515.5,7514523.0,0.0,261252.8906,359931.0,0.0,66563852.0,148444.6563,0.0,161636.6406,308610.625,0.0,140215.4531,866453.125,0.0,127703.3828,1706142.0,673847.9375,60331.4492,7509909.5,72950.6016,218047.0,0.0,0.0,174130.0,2463447.5,343514.4375,1723798.5,105594.1641,0.0,235896.2031,1061524.125,0.0,0.0,692516.75,584370.3125,0.0,0.0,0.0,0.0,0.0,0.0,1008228.75,130679.0,289901.0,813437.0,0.0,590319.1875,350964.0313,0.0,776985.9375,0.0,58492.4805,0.0,72063.2266,0.0,31189.9414,31689.6445,341430.0938,0.0,409604.6563,851797.1875,407906.125,0.0,0.0,0.0,0.0,34056.6875,0.0,0.0,0.0,300243.2813,54814.4375,0.0,0.0,64776.0117,878916.1875,2328406.75,0.0,157577.8125,118031.625,0.0,274113.9063,765820.75,118486.5,86961.1484,3368134.25,0.0,1494705.375,137697.1719,728128.375,0.0,0.0,0.0,2619160.75,231612.9063,881665.5625,0.0,0.0,0.0,0.0,420229.125,702864.5,94819.7031,0.0,0.0,364347.25,177128.5938,0.0,0.0,35117.8359,124154.7891,918541.1875,797359.8125,0.0,222451.9219,258102.625,142722.1563,0.0,3281606.75,0.0,0.0,53471.3984,56056.4844,0.0,0.0,65151.3242,167845.875,0.0,0.0,151745.9688,301832.4688,0.0,0.0,45141.9453,0.0,422297.7813
119-1,33464.625,0.0,0.0,3325166.5,234532.2031,1241591.0,763259.625,1668104.25,136352.0156,1448556.5,519146.4688,8577149.0,0.0,0.0,0.0,6277920.5,0.0,44779668.0,764297.5,2917383.25,0.0,261510.5156,59151696.0,0.0,3081231.5,582580.5,260638.375,321533.6563,261798.2031,322364.4688,243755.7813,368683.4375,3033469.5,1578246.375,175103.7813,9959021.0,510886.4375,0.0,0.0,4527425.0,472381.1563,1917126.875,0.0,0.0,213712.625,669972.1875,1650895.375,11693925.0,394619.625,0.0,190750.7656,188153.2344,0.0,87896.2891,397651.4063,256220.9844,1845881.75,449661.5938,100570.75,52464.3594,1144420.0,205968.8594,196681.125,4015043.75,3164619.5,135733.0469,1254382.5,0.0,0.0,975884.1875,0.0,0.0,113788.4922,114750.6797,0.0,0.0,0.0,0.0,0.0,0.0,67077.0938,0.0,72259.9766,0.0,251958.3906,14841.5234,1411819.375,10415057.0,6886537.5,94381.4922,204427.3281,284005.25,0.0,0.0,246589.0,201006.9844,657567.0,0.0,20978876.0,2453516.5,158370.9375,1902736.125,1014602.0,0.0,638718.5625,4221822.5,997598.875,36022.9531,320601.4375,0.0,126394.3594,806493.75,0.0,164607632.0,182700.3125,805605.25,1045278.9375,0.0,0.0,139150.1563,269548832.0,0.0,249262.25,171883.8281,0.0,0.0,128515.9688,260177.0781,547597.8125,2509685.75,572372.25,1627140.125,319028.2813,327214.1875,74538.9688,0.0,3272289.5,3158817.25,204553.2031,182860.3438,142378.6563,1673270.875,441579.5625,0.0,0.0,0.0,1013047.75,1096405.75,364416.5,100068.5078,0.0,31678934.0,0.0
168-1,71054.9063,787906.5,71866.5469,0.0,0.0,325830.625,0.0,0.0,151439.5313,4055347.5,2203110.75,12875693.0,97483.5703,173626.8906,0.0,2062664.375,0.0,0.0,285341.5625,587562.6875,0.0,379361.0313,0.0,82899.5938,79287320.0,459184.25,113913.6563,820477.75,127015.1406,0.0,685686.75,1052778.375,5092997.0,383044.875,312075.2813,0.0,201005.9531,0.0,1792456.0,44499876.0,54014.7656,0.0,134959.625,0.0,196409.0,208633.4688,99470.9609,2142800.25,271587.5,2056409.5,174562.5938,0.0,0.0,379645.5938,859212.875,98845.1328,10259343.0,0.0,7149252.5,109033.5547,430612.5,806723.375,105701.3516,0.0,10315188.0,470054.0313,0.0,150187.4531,0.0,844257.625,0.0,12437780.0,0.0,0.0,290383.5313,339311.4375,45850.8125,4479073.5,145086.3906,0.0,76394.6172,0.0,101202.8438,40335.2891,13237503.0,154318.5469,664511.75,41507968.0,360909.2813,0.0,483823.8125,51868.1953,802193.625,0.0,105353.0625,214157.4688,927710.8125,0.0,462321.1875,0.0,0.0,112991.1484,0.0,113740.5156,1443929.875,21511070.0,0.0,41124.918,10688887.0,0.0,0.0,2738073.0,0.0,0.0,417162.875,3210783.75,929138.3125,314268.0313,450294.4688,0.0,931663232.0,2869323.0,0.0,370529.25,0.0,458846.9688,16818978.0,2749059.5,850421.4375,92176.7734,2637153.0,1201233.625,399513.125,0.0,112166.8359,0.0,235503.0,0.0,123987.7109,468624.9688,571374.6875,185361040.0,908681.3125,0.0,1138135.25,0.0,151134.1094,0.0,797952.4375,55920.4766,194551.1719,1212111.0,0.0
123-1,0.0,342348.0625,0.0,43486.1641,428116.9063,3357903.5,190106.2969,0.0,141232.7656,928166.625,2318263.0,285227.7188,0.0,125698.5547,0.0,904147.0625,169856.5,0.0,272792.4375,0.0,127625.7422,0.0,111475992.0,120242.1172,0.0,0.0,0.0,0.0,117698.7656,1488735.0,0.0,0.0,1447812.75,779782.75,119148.3516,0.0,42147.1953,0.0,0.0,0.0,0.0,0.0,0.0,421107.625,0.0,184923.7969,0.0,505831424.0,144423.0781,668812.875,0.0,687338.1875,0.0,0.0,0.0,1123972.25,0.0,96909.7188,808464.75,0.0,1199345.0,283253.3125,0.0,0.0,0.0,95177.2109,849011.25,80350.3047,183689.3594,106362.125,1042781.6875,0.0,0.0,0.0,0.0,0.0,1085410.25,0.0,120067.5781,26276.8867,0.0,114356800.0,129928.4688,48815.5742,62669.6172,105603.2578,0.0,464566.1563,2716787.5,89866.0859,0.0,93915.0938,500025.5938,41570.5508,0.0,222816.3594,0.0,0.0,0.0,1857607.625,225319.2031,87110.4063,0.0,259287.2969,0.0,163257.0469,1677456.5,119245.9531,0.0,0.0,176561.5313,0.0,81858.4453,0.0,88297.0313,0.0,506955.3438,266332.4688,0.0,0.0,0.0,0.0,852951.4375,0.0,1076983.0,0.0,0.0,207131.1563,0.0,0.0,171392.9219,0.0,0.0,103767.0313,76775.8516,1994436.625,0.0,0.0,125787.8203,250083.2031,232753.0625,1745590.375,37012.3555,195072.7188,8806785.0,0.0,110414.7109,0.0,0.0,58972.0,0.0,0.0,0.0
144-1,0.0,88714.5469,0.0,338077.0,305074.7813,457950.2813,0.0,209034.0469,102701.0781,743502.625,3889593.75,0.0,0.0,5371765.0,119502.0469,3704242.0,0.0,0.0,394769.6875,311103.8438,827810.375,178885.7031,7687542.0,0.0,0.0,0.0,74628.9297,99588.0781,0.0,70210.0625,110049.8828,0.0,0.0,542481.8125,0.0,328886.25,53482.4883,0.0,0.0,0.0,37182.4492,692002.9375,1150436.875,2689390.75,0.0,598891.125,0.0,0.0,197668.4688,246163.1094,193871.7031,1488408.375,0.0,0.0,723920.8125,41371112.0,2948267.5,0.0,0.0,0.0,54500.293,529197.25,0.0,206309.5938,195631.8906,0.0,624682.625,52286.2109,171100.1406,0.0,0.0,0.0,0.0,107695.4141,237575.9688,80178.9609,177770.7969,0.0,336923.6563,81250.0469,36389.6328,275593.0625,0.0,130672.0938,0.0,2390678.0,74208.7422,0.0,0.0,117372.0234,0.0,72682.8594,338092.9375,1291730.5,0.0,133829.8906,204102.625,0.0,0.0,649220.0625,151767.0469,219917.875,0.0,0.0,999607.5625,0.0,589415.5,28855.5566,0.0,0.0,0.0,287949.625,658929.5,3416210.25,182423.5469,566419.5625,0.0,208041.1094,0.0,0.0,0.0,2061001.5,272929.375,396517.0313,265031.7813,47538.332,1457055.0,0.0,961520.0,0.0,0.0,0.0,1672741.5,0.0,91566.8125,0.0,44391.0,81077.8984,46031.4727,30742.8809,152023.4063,83283.0859,34987.4219,104288.3594,2286499.25,0.0,229816.3438,136684.7813,3980861.25,44949.9648,0.0,230678.9844,0.0
145-1,65801.5156,668086.1875,473077.8125,358304.8125,193562.75,2348237.0,537617.3125,0.0,104842.2656,3268328.5,4226069.5,0.0,563320.6875,110401.7344,516569.4375,0.0,1277337.0,27197.4531,0.0,646555.0,130233.2656,446496.8125,314453376.0,316242.4688,10864556.0,4170657.0,0.0,851841.8125,0.0,562810.125,239332.0469,0.0,0.0,651801.375,0.0,0.0,72350.4063,0.0,0.0,633012.0625,1378708.25,2968528.5,113031.4844,1670103.25,0.0,0.0,2985162.75,0.0,0.0,606934.1875,313362.375,0.0,0.0,932997.375,213046.2656,11568584.0,8736251.0,284189.8438,702314.5625,0.0,242127.75,0.0,0.0,1889072.375,0.0,0.0,692357.0,167533.6094,137793.0,1018706.8125,1079764.75,226821936.0,52007.0,272166.6563,0.0,125841.8203,4454491.5,643522.375,0.0,105655.6016,35208.9141,28503054.0,668969.0,58809.7734,465441.1875,0.0,0.0,0.0,4000987.75,59544.7422,0.0,0.0,2464332.25,0.0,0.0,272931.0313,839617.625,11113660.0,17984342.0,0.0,47327.3516,108931.8984,8290477.5,756623.6875,4132979.0,1272854.875,0.0,552232.3125,0.0,60758.082,0.0,1369875.75,517045.9063,2140017.25,311992.0313,897267.0,0.0,1700930.125,0.0,441710.4688,4161679.25,3609541.5,270690.0313,0.0,206654.3906,35827.2383,4989533.5,0.0,5557155.0,1089162.5,95513.4375,2425891.25,204852.7969,199425.1406,0.0,385987.4063,0.0,46990.6875,0.0,0.0,0.0,0.0,87572.0156,143781.5,1040877.375,2512185.75,0.0,0.0,0.0,0.0,81447.6875,82492728.0,4693106.0
106-1,0.0,0.0,0.0,197273.75,166588.2813,0.0,233738.2969,235279.7188,57515.543,579408.6875,296811.875,7075572.5,563213.1875,0.0,0.0,551556.4375,0.0,80388.125,0.0,1153841.25,0.0,176917.4219,33771308.0,108541.9609,2949114.25,0.0,229790.7813,98450.8125,99984.3281,1750876.125,25250.6074,413122.5,3147165.25,0.0,112790.4141,426048.75,0.0,0.0,614212.75,1507202.875,5138755.5,5817575.0,4944566.5,0.0,222099.9688,0.0,213062.1094,5532794.0,185891.9531,98745.5078,0.0,370474.4375,43490.0,0.0,0.0,1333801.375,0.0,63212.4492,8511413.0,0.0,243496.9844,303953.1563,436954.9688,0.0,201608.375,0.0,1067781.125,0.0,213655.9063,722418.5625,226011.6563,848683.5625,89450.1094,82558.8047,344177.5,0.0,2318752.5,0.0,273803.4375,0.0,3708265.0,0.0,261513.7188,0.0,232512.9219,5483997.5,0.0,2550486.25,0.0,105749.8203,0.0,216455.8125,0.0,0.0,81437.3594,0.0,286650.25,0.0,2246876.0,5444941.5,112862.5313,0.0,0.0,0.0,865533.1875,550899.9375,947791.5625,48438.1836,2843674.25,209153.9688,123658.2969,210454.9375,3902513.5,1461657.125,122984.4219,553094.25,1421342.375,0.0,0.0,42625.7188,23906074.0,0.0,112463.4297,1428889.5,0.0,99578.8125,77426.2891,89799.4063,6568810.0,2327994.75,2141278.5,76016.0859,114656.2109,0.0,0.0,1293429.5,0.0,1635642.875,0.0,0.0,0.0,0.0,77977.7266,158854.7656,4244264.5,550506.625,0.0,1481364.25,1500952.5,0.0,63624.6719,118810.375,0.0
149-1,232782.5938,314911.9688,167658.6094,696275.875,446748.5938,1363665.375,0.0,1475665.75,150876.1563,491304.2813,0.0,0.0,3916303.0,73444.875,4365317.5,0.0,0.0,0.0,423608.1563,0.0,291935.625,310491.5313,0.0,57756.7227,9104306.0,328020.6875,832411.0,220853.8281,0.0,0.0,49385.4258,206231.0469,967131.375,283582.5313,0.0,2625800.75,301175.5,0.0,310003.9063,0.0,13033520.0,0.0,95147872.0,968800.9375,0.0,0.0,1622630.75,0.0,70682.9844,0.0,273940.125,0.0,124132.0078,326609.3438,471854.4375,0.0,8178934.0,0.0,291783.8125,0.0,186468.0,4522530.5,171915.6406,18866376.0,933606.375,0.0,1134443.875,62928.1602,67151.9688,612481.3125,0.0,0.0,60122.6133,0.0,0.0,0.0,182891.2969,960893.5,3525510.0,76633.3594,41146.3008,559192.75,0.0,0.0,416554.4063,838029.875,0.0,0.0,0.0,47364.5352,486140.9063,530768.6875,0.0,704957.375,0.0,48678.6406,0.0,19578970.0,0.0,0.0,190884.7969,105309.3125,1454316.125,244302.375,1393547.0,1047399.5625,0.0,0.0,0.0,108839.0703,0.0,488554.9063,213745.4375,1549044.25,92028.7422,0.0,136307.0625,0.0,0.0,214103.4844,0.0,0.0,356531.125,261886.5,208893.7031,89847.8203,100396.1719,516295.5313,3073100.5,4341112.0,0.0,0.0,0.0,25252.3379,89225.8125,1885149.125,161242.6719,0.0,35824.7578,47668.9727,294956.875,0.0,555897.25,0.0,0.0,950197.625,0.0,0.0,4155743.5,58572.0938,317693.7813,17269312.0,348480.0938
160-1,66501.9141,956801.375,0.0,3256485.75,0.0,425641.125,0.0,266889.9688,0.0,638330.9375,565869.125,0.0,756223.5,146584.5,24886332.0,0.0,13369034.0,16265436.0,172689.8906,104361.1172,374956.9063,162750.25,557176192.0,0.0,7970975.0,17048502.0,0.0,194381.0625,430457.25,3253714.25,0.0,214431.6719,0.0,407943.5625,0.0,0.0,221178.9063,0.0,0.0,0.0,26014.6113,5708867.0,1731384.125,1101331.5,0.0,514406.8438,1292296.75,0.0,0.0,877804.6875,1588715.5,0.0,342362.2188,0.0,0.0,0.0,0.0,412700.0313,0.0,75851.2578,1343776.625,935660.6875,376170.6875,0.0,0.0,0.0,0.0,0.0,158851.7656,0.0,328731.0,0.0,0.0,176991.1719,349300.2188,0.0,322775.5,896012.25,110306.2578,60203.1094,2732861.25,0.0,877084.1875,0.0,0.0,0.0,0.0,0.0,0.0,30726.1074,0.0,141159.8438,2912591.5,103357.375,0.0,448109.1875,112565.2578,5902285.5,84364768.0,0.0,0.0,46311.5898,5186433.5,2814951.5,1974009.375,933458.3125,377162.8125,0.0,0.0,1145495.75,164674.9688,284608.875,0.0,1620297.0,0.0,0.0,0.0,954050.3125,5735070.0,35350.75,0.0,171539.75,179705.4531,77267.7266,466725.625,93039.2734,91647.9453,0.0,1994368.125,2645581.5,55508.4609,1442419.125,167983.5156,0.0,93747.6016,239672.5156,0.0,383656.0625,0.0,0.0,0.0,0.0,0.0,0.0,4493477.0,755408.8125,627703.5,0.0,0.0,30577.5977,0.0,0.0,2037467.25
170-1,824912.875,432394.9375,0.0,282503.5,0.0,252429.0781,189186.5469,2091726.875,268363.2188,498498.3438,0.0,0.0,1520984.25,0.0,4359336.0,1269799.375,99293080.0,0.0,210007.4219,455293.6875,1314810.125,0.0,46892480.0,0.0,2364603.25,0.0,364801.5,182955.2813,203592.6563,9073228.0,0.0,193045.4531,2687048.5,380379.7813,0.0,0.0,8682573.0,1001960.5625,0.0,267123.7188,187065.7656,8037883.5,0.0,9631266.0,147536.2656,1135569.125,806683.0,1305099.75,0.0,0.0,0.0,1140932.5,0.0,0.0,0.0,21667.3828,0.0,135338.1875,0.0,108359.6484,3499050.75,0.0,0.0,432531.0313,0.0,0.0,245558.0938,0.0,131107.6094,0.0,0.0,95945.3438,0.0,0.0,787316.5,58368.5938,0.0,923723.75,255073.8594,0.0,0.0,304096.2188,1165319.25,218179.0313,0.0,0.0,0.0,289416.9688,0.0,0.0,0.0,0.0,5184810.5,2827655.75,0.0,686328.875,0.0,17926234.0,0.0,0.0,49556.0859,0.0,338861.7813,0.0,1359433.5,56039452.0,5319167.5,0.0,1027375.875,0.0,18697698.0,0.0,0.0,900533.9375,215307.9063,0.0,0.0,386224.5625,73649160.0,1240856.5,6520308.5,0.0,0.0,0.0,1326700.25,0.0,0.0,0.0,0.0,10690965.0,0.0,1446259.0,0.0,137514.6563,68230.4141,282438.4375,223403.0,0.0,55975.0313,258157.2188,391559.7188,0.0,0.0,0.0,0.0,1773140.75,276458.3438,1402527.5,2264074.5,36784.0,0.0,4697457.5,1218124.25
152-1,0.0,351010.0625,0.0,169861.0156,103049.6797,2398207.0,0.0,0.0,167537.2969,0.0,401522.0625,182046.125,2498644.25,95460.0,2197040.5,1867307.75,19059286.0,0.0,284231.9063,154012.6406,524480.5625,0.0,41574856.0,54973.4609,0.0,0.0,224516.9375,243256.3438,328724.25,0.0,900456.0,0.0,0.0,820751.1875,525510.5625,377647.9688,0.0,801592.75,0.0,218995.3594,1162723.875,1391805.5,0.0,2756377.5,52346.7891,267740.875,0.0,0.0,127325.0391,0.0,0.0,682659.375,0.0,0.0,0.0,0.0,0.0,59701.5039,0.0,80435.7734,0.0,0.0,0.0,203629.6719,1531446.625,169813.1094,0.0,130575.0859,178828.1406,0.0,132890.2656,158064.3281,0.0,0.0,0.0,0.0,268436.6875,0.0,1026817.5,200081.6563,0.0,0.0,338906.2188,58121.8438,0.0,319077.0625,111642.4297,93440.2969,0.0,47335.1367,0.0,0.0,563645.125,429044.125,77479.6328,0.0,0.0,16208302.0,1749743.125,485455.5,81788.8359,53150.5625,289208.25,1664619.625,1019947.0625,0.0,0.0,0.0,328639.7188,237612.9531,2384627.75,0.0,2908616.0,1509238.125,0.0,0.0,0.0,285561.8438,7345801.5,0.0,23425524.0,806425.125,506343.6875,0.0,554159.75,40990.2266,29529396.0,0.0,151449.2031,1349763.0,179063.2813,146657.9375,142542.4375,0.0,43581.2305,0.0,60052.6953,229723.5313,0.0,0.0,0.0,762063.4375,0.0,0.0,0.0,0.0,139685.7031,0.0,2927173.75,0.0,0.0,317601.625,177098.9219
124-1,74632.9219,0.0,65698.7734,813579.125,198970.1563,0.0,0.0,7992666.0,85853.0469,274758.125,0.0,75399.0156,3270392.25,84703.1953,15436526.0,8120275.5,25617408.0,15264283.0,0.0,0.0,611168.25,0.0,22661480.0,100856.2734,1433315.75,0.0,0.0,331179.9063,0.0,0.0,0.0,190481.5625,1246336.875,598382.25,0.0,0.0,9438962.0,859350.375,0.0,0.0,520148.3438,741658.3125,3056907.75,1623952.25,0.0,216431.8281,0.0,1972894.625,0.0,0.0,361543.375,1071868.0,57816.9961,125936.1094,232768.8281,0.0,14238661.0,2356951.25,908475.0,0.0,0.0,715124.625,0.0,452960.9375,564666.0625,0.0,0.0,458516.1563,142551.8125,0.0,0.0,47371780.0,73074.9688,166653.3281,0.0,60961.8594,2231789.0,643254.5625,100032.8594,627284.1875,0.0,1854692.25,0.0,220527.6094,553093.25,0.0,0.0,208864.3438,73896.0156,40315.25,170035.5,0.0,130295.9609,5827290.5,258358.5313,0.0,257960.6094,34315492.0,170432.6406,2721194.0,69113.1563,156910.2969,1506118.125,1854558.875,740173.6875,0.0,1075735.125,1090430.375,0.0,617954.1875,1286223.625,581114.375,1492731.75,801149.375,190241.9844,0.0,59142.6055,0.0,48363296.0,1276336.0,1247205.625,0.0,180105.9375,238739.4844,1849074.5,0.0,31151.2598,0.0,809476.125,0.0,0.0,148512.4219,204576.2188,111522.75,0.0,1417097.75,539026.875,44770.7031,0.0,42171.2617,74769.8828,0.0,0.0,0.0,0.0,872215.0,222525.0469,0.0,0.0,0.0,157778.6563,10137516.0,0.0
163-1,0.0,659750.5625,335148.625,53101.6406,0.0,248823.6406,907351.125,0.0,0.0,2709540.25,439839.5313,2073934.25,97669.4609,0.0,367614.25,0.0,0.0,0.0,224527.0625,4132373.75,0.0,151041.625,151761440.0,770668.8125,12168626.0,595348.875,267532.375,217545.2969,164111.1875,226948.1875,868588.875,215924.1094,3468750.0,56702.7852,0.0,5775225.5,0.0,0.0,0.0,0.0,3251545.0,617009.875,663680.625,0.0,178714.9219,289280.5,0.0,3270116.75,204258.2813,271255.7813,0.0,1758936.5,139827.0,75471.5703,281138.25,545542.125,2185302.75,962076.1875,1945677.375,0.0,742524.0,1250046.875,0.0,0.0,11002668.0,166222.1563,0.0,592213.625,47201.5859,0.0,0.0,8672753.0,108361.6875,22853.2441,0.0,0.0,42800.5195,5640963.5,307067.9688,0.0,0.0,614570.1875,661637.9375,0.0,1782769.5,25077.1563,100196.4297,959876.875,2830409.75,0.0,97493.2578,182031.7188,0.0,0.0,361630.1563,341652.0938,290629.5625,39531.2773,133406.2969,2539108.0,52569.4414,0.0,0.0,0.0,849876.375,872088.75,0.0,113648.6797,182404.9063,55485.5977,0.0,375789.875,0.0,2323664.0,291512.5938,502570.4688,586751.9375,171916.75,0.0,184794.0,0.0,401880.4375,367129.8438,156846.7656,0.0,70345.5156,0.0,1437385.125,0.0,0.0,1104274.625,114813.2188,294706.375,237121.4375,40679.8359,3294006.5,0.0,137785.0938,126094.2813,417563.4063,190990.875,1471088000.0,82797.5156,3736576.5,0.0,4213604.5,0.0,443727.375,6069597.5,61245.4453,85872.2578,15191187.0,0.0
139-1,38415.043,0.0,0.0,3257386.75,181421.5938,823901.375,1151054.5,0.0,164697.7031,1228858.0,0.0,1265908.625,282275.5,193320.125,0.0,500611.875,1973304.5,12162815.0,332261.5938,538290.125,0.0,818155.6875,67746.1797,139257.0,4223605.0,0.0,129333.1719,259079.6094,0.0,0.0,128062.7031,0.0,1536046.125,0.0,257677.2031,0.0,0.0,501211.7813,141860.3594,0.0,29741.2969,3597226.0,0.0,0.0,397865.9688,0.0,0.0,5229604.0,337845.875,58931.6758,361540.5938,915781.3125,99572.0,75855.1484,220392.7031,0.0,0.0,0.0,1728170.125,415825.5,657095.0,315088.8125,650831.75,46773.4922,310055.0313,178624.625,3623549.25,0.0,0.0,0.0,0.0,1517592.5,0.0,1132703.5,0.0,95798.4609,779596.125,113903.8281,104572.3281,0.0,0.0,1851408.125,0.0,53079.4375,65789.9844,272452.75,42264.3359,0.0,3899016.0,108288.9531,0.0,0.0,0.0,0.0,0.0,260275.6563,1363199.375,0.0,4468911.0,6885187.0,158300.5469,0.0,813454.1875,0.0,0.0,1000691.8125,2005910.375,69625.0703,306824.0,2715844.5,14353587.0,2415717.0,0.0,0.0,133537.4063,1002922.4375,2849683.5,0.0,0.0,0.0,771329.1875,0.0,412185.6563,0.0,0.0,0.0,0.0,1056991.625,6550274.0,5079597.5,22545508.0,0.0,205187.7969,83693.1328,75303.9922,2507518.5,202590.1719,5448545.5,65449.9805,281601.875,0.0,1246899.625,0.0,0.0,3655890.0,1296675.875,0.0,1328691.75,0.0,0.0,227031.0,0.0,0.0
165-1,0.0,347268.8438,0.0,84595.9063,727081.25,0.0,1046280.0625,81623.7266,96423.5,668635.3125,0.0,0.0,5480514.0,0.0,26311232.0,15643138.0,583171.125,0.0,124756.9531,193500.2031,51046.7031,0.0,224034.7969,85896.3672,2346684.5,5053424.5,432949.8438,324878.8438,0.0,72451.9063,130654.7344,367080.9063,2735682.25,239253.8594,0.0,0.0,0.0,657986.3125,287963.8438,543555.875,412174.375,334830.25,0.0,98615.7969,0.0,192780.5938,2062066.375,0.0,0.0,632419.625,111416.1484,0.0,21661.0,0.0,389075.6563,0.0,2710961.25,364422.6563,214178.0156,167230.0469,0.0,0.0,0.0,1315498.375,750417.0,303693.5625,486489.5938,43703.7773,65728.3672,1721517.875,65500.7305,0.0,77092.9766,0.0,0.0,38837.6289,86836.5859,1447151.625,326394.8125,0.0,14643.917,132902.3438,129880.6172,0.0,49806.668,0.0,0.0,0.0,0.0,0.0,219876.8594,0.0,1005849.4375,73277.6094,38802.6875,0.0,0.0,16784772.0,0.0,630753.9375,0.0,84862.9609,576233.75,5426145.5,0.0,0.0,725858.1875,0.0,405197.875,780651.0625,1444800.5,433546.3125,549764.1875,1648144.0,165067.7031,0.0,0.0,464882.0313,396009.5313,190233.5,51134300.0,1017664.3125,829554.75,179000.5625,810737.6875,80689.7422,11783482.0,244002.7813,490139.3125,0.0,0.0,251904.4688,0.0,42986.4102,108248.8906,140536.9688,55978.9805,0.0,0.0,37838.3789,0.0,0.0,0.0,323038.4063,0.0,3677894.75,73572.3828,328501.8125,2668064.0,93955.5234,0.0,587835.875,2018239.75
129-1,0.0,97336.1016,57901.7891,0.0,0.0,6456366.5,0.0,0.0,238841.9688,788104.0,1093093.875,0.0,1421554.875,120392.6719,66619204.0,5749634.0,0.0,0.0,0.0,0.0,305499.0,0.0,0.0,0.0,1283533.625,3483625.0,1218979.5,159339.9063,0.0,456434.0,0.0,124755.0859,0.0,550577.4375,0.0,2628205.25,0.0,0.0,73700.5078,159811.2031,3199958.5,921688.3125,2657411.25,1462839.875,0.0,0.0,1273321.25,1276343.375,75113.4375,0.0,2640491.5,0.0,0.0,0.0,617041.6875,2405160.5,6518467.5,111425.6016,932724.25,0.0,0.0,1290250.375,197012.3125,26082558.0,0.0,0.0,681960.6875,173008.6719,66128.8438,550213.0,0.0,0.0,0.0,0.0,0.0,0.0,0.0,0.0,637250.6875,199539.6563,91456.7266,185046.125,297202.0938,0.0,0.0,3336505.75,143358.2344,82774.375,112706.9219,83919.6406,0.0,326116.3438,2369610.0,166898.9063,0.0,0.0,0.0,8304680.5,0.0,0.0,0.0,2108989.75,605714.5,0.0,1233407.375,0.0,472130.5938,0.0,0.0,281251.75,0.0,0.0,163639.2344,144839.0313,0.0,0.0,163230.7031,907298.5625,0.0,498577.4688,0.0,155802.5313,409506.5625,0.0,196077.8438,119168.7266,6971978.0,45452.9336,1900315.375,519296.125,0.0,0.0,0.0,0.0,70555.7422,4256284.0,0.0,78388.2266,58463.0742,0.0,0.0,0.0,72708.7813,0.0,927849.125,0.0,0.0,0.0,4504865.0,40408.7656,40913.4961,0.0,2080987.0
155-1,0.0,0.0,0.0,648689.875,0.0,0.0,0.0,203071.375,126251.4844,1777524.125,2312022.25,0.0,2013205.375,262098.625,213005632.0,643224.6875,0.0,14272625.0,0.0,553723.5,695526.25,519907.6875,210654.2188,140787.6875,1703021.75,0.0,0.0,359858.1563,0.0,0.0,2657047.25,0.0,0.0,0.0,0.0,0.0,77982.9375,0.0,0.0,59235.6953,0.0,414471.0625,0.0,609685.75,0.0,981013.4375,3218723.25,2692967.25,95928.9766,474558.1563,229970.0938,923900.25,0.0,0.0,264347.5313,19897216.0,14587472.0,139757.0156,0.0,51564.5625,985280.1875,393960.25,0.0,0.0,216193.8281,0.0,1050590.75,297102.375,407847.7813,0.0,0.0,0.0,0.0,193318.9375,319976.4375,154180.9688,38074.4375,0.0,126434.1875,0.0,218569.8125,0.0,0.0,693809.0625,1471075.375,47554816.0,88843.4219,0.0,0.0,41774.3984,163715.9219,0.0,3235202.5,312458.375,867131.4375,84313.0781,262532.2813,15325277.0,447826.0,321945.3438,295594.4375,32040.6465,0.0,0.0,635388.25,0.0,387517.2188,192066.6563,54637.4805,1808414.625,0.0,695636.125,1136866.125,2785088.75,447159.0313,1076759.75,0.0,1245869.25,291471.9375,150863.4375,77969968.0,1511644.875,0.0,0.0,729649.9375,0.0,26382692.0,0.0,831525.75,2759929.25,52856.0898,302347.1875,288003.125,0.0,148250.9844,0.0,0.0,359787.4375,110231.7422,160006.3281,172972.6563,47658.5156,55081.6211,97790.4766,4340309.5,0.0,658943.75,1101980.375,10440175.0,50493.332,0.0,16531152.0,4433126.0
161-1,0.0,0.0,569256.75,307176.3125,95116.9844,0.0,1170484.5,215700.6406,90625.0625,519923.25,0.0,0.0,1087163.0,168080.9531,48542844.0,585196.3125,1442801.875,56056.8984,0.0,1176236.625,0.0,0.0,6274016.0,99371.3672,8167556.5,789932.4375,240214.2344,0.0,98597.5,862035.375,0.0,128190.9375,805793.3125,1148583.125,0.0,731061.0,332777.9688,220044.125,0.0,686543.6875,0.0,710216.1875,0.0,0.0,0.0,229955.6406,1626194.375,4489054.5,75873.8359,0.0,871332.125,0.0,83511.0,117040.9219,633657.5625,0.0,4571511.0,0.0,1964124.0,0.0,254444.0,852180.75,0.0,1075819.0,129697.4688,0.0,1360364.875,0.0,95254.3359,0.0,272021.3125,137744.2344,44132.3242,28614.4863,225446.5469,34738.8828,0.0,0.0,242915.7656,0.0,0.0,0.0,614639.1875,31498.3691,375982.5625,3020357.0,0.0,437774.6563,0.0,0.0,108610.1094,153929.6406,0.0,0.0,80874.8516,74014.8672,0.0,12437185.0,0.0,576265.9375,211281.0,200826.2188,1849605.0,0.0,1503196.0,0.0,711334.6875,0.0,0.0,13988134.0,2506649.0,0.0,5339399.0,0.0,372235.8125,258700.4531,717191.0625,0.0,0.0,267215.9375,21851314.0,0.0,347449.2813,218545.5469,0.0,0.0,11942833.0,0.0,2830374.0,3386982.0,83360.2188,0.0,140943.6406,0.0,0.0,1970359.25,0.0,566017.9375,0.0,302617.9063,527580.625,0.0,309864.3125,161890.5,3250335.75,4617729.5,0.0,569061.75,1235335.25,0.0,143845.3438,14973272.0,1652672.0
174-1,41118.2617,291147.4375,0.0,98525.2656,0.0,374344.6563,0.0,0.0,136120.0156,0.0,577873.0625,1140084.0,333635.75,97998.2891,2437860.25,0.0,0.0,0.0,0.0,1714169.25,0.0,130882.5859,0.0,0.0,6159251.0,0.0,307916.3125,0.0,166953.0156,859618.0625,52022.2383,925318.375,4919894.5,0.0,133042.1094,930046.875,0.0,0.0,0.0,435138.7813,22229680.0,517574.1563,2541179.25,0.0,184617.9688,1793220.375,69026.8203,6415115.0,152374.4531,346488.9063,2318823.75,1804157.5,0.0,416127.4375,463578.2188,343995.5625,0.0,0.0,0.0,354721.0625,0.0,467109.25,138971.4063,140014.6875,4725045.0,154115.1875,1151196.75,0.0,0.0,6674126.0,0.0,17495706.0,119996.0,0.0,780546.4375,194283.9219,249064.4375,443561.75,280725.4063,0.0,0.0,462639.3125,0.0,210404.7813,0.0,0.0,143326.1875,127292904.0,1408584.75,203278.0781,0.0,151974.5781,181271.1719,0.0,0.0,0.0,126757.2344,0.0,356522.4688,2274525.75,186215.5469,0.0,1868056.0,61960.8984,2242702.25,554508.875,1671069.0,65981.1094,100389.4453,4155535.5,128872.7578,262187.3438,836833.125,0.0,0.0,1318731.125,5866099.0,110810.6016,0.0,0.0,9447926.0,0.0,0.0,0.0,306963.1563,185999.7813,0.0,2637926.25,931982.125,1003683.4375,9859066.0,0.0,372755.0313,1578382.125,93985.1875,0.0,0.0,274842.4688,52337.9883,0.0,0.0,350058624.0,0.0,1263151.25,0.0,1342071.0,116396.7969,0.0,0.0,76618.3281,0.0,0.0,0.0
121-1,725869.4375,0.0,0.0,450898.8438,116439.6641,3126407.25,0.0,51996.3516,0.0,0.0,571577.3125,237794.8906,346147.4063,0.0,2295119.5,2580005.0,0.0,0.0,651541.5625,90417.2734,0.0,175817.8281,37623.8125,0.0,0.0,412681.625,0.0,328518.4063,0.0,0.0,45930.9414,184814.7813,886381.4375,1352872.0,139731.8125,203781.0156,79081.6172,237352.0781,472577.5,7545981.5,1245232.625,3836647.5,211499.5938,0.0,479222.25,1107378.75,768056.75,5306789.0,216565.7188,1370132.75,411545.7813,1288303.0,66944.0,88300.6719,534879.0625,1089846.375,7128780.5,0.0,3132656.75,185299.6719,0.0,622552.125,473847.5625,1086221.5,3342101.0,69995.0781,535303.9375,93156.1719,0.0,359177.0313,0.0,53127088.0,0.0,105202.5469,0.0,0.0,0.0,0.0,169555.8125,0.0,30703.8203,22530350.0,164252.8594,0.0,346993.0625,103077.8594,0.0,8802909.0,5135187.0,99588.9141,97437.3984,65509.5117,123436.2422,0.0,0.0,0.0,241037.6406,201994.0781,0.0,0.0,109245.0469,1198922.625,1035094.5625,0.0,0.0,0.0,0.0,320214.9688,1894910.0,93369.3906,5743820.5,0.0,0.0,2074132.125,162277.2188,1390770.125,2120800.0,0.0,0.0,0.0,94743520.0,106269.875,177334.5,193600.5625,516924.6563,84532.4688,59854920.0,156839.6875,2270742.25,17460198.0,1450156.0,317935.125,260999.875,86978.1406,60575.8672,3665290.75,51399.5586,678634.5,204072.625,105856.8906,0.0,1059262.75,768063.9375,0.0,12134987.0,0.0,370956.5,1319359.0,0.0,0.0,425997.3438,4993806.5,3208618.0
148-1,0.0,269438.125,133452.0625,0.0,277145.5313,3018606.25,414879.7188,393539.2188,107863.7109,2443907.75,1146338.25,421505.7188,175563.7969,0.0,0.0,707486.6875,10198152.0,0.0,239875.9844,0.0,0.0,0.0,38469500.0,160375.0469,4215744.5,0.0,338641.7188,114293.4844,245632.7031,576168.4375,1474383.625,0.0,1644098.375,223151.7969,398596.1875,415930.6875,0.0,1216514.25,0.0,58198.207,113194.2031,1586727.625,0.0,0.0,126055.3047,1652622.625,0.0,534002240.0,385066.4688,1758883.625,0.0,1011671.375,0.0,362419.0625,271634.5313,781604.75,3150690.5,532832.6875,0.0,32118.4102,1003789.0,0.0,102669.1016,0.0,310390.7188,65451.8125,281548.6563,123264.4766,0.0,447986.1563,0.0,283508.6875,0.0,0.0,571205.875,62922.8438,165470.8906,460096.6563,163925.3125,0.0,0.0,57309500.0,202287.375,0.0,3806570.5,529782.375,216123.7969,1827637.25,1491248.5,77447.6563,15335.8779,0.0,185549.6094,0.0,185850.3125,267927.3125,0.0,0.0,919737.125,0.0,197343.25,0.0,0.0,316696.5,1289486.5,2751240.75,5680304.0,617077.875,903143.25,0.0,347359.5625,0.0,3103283.75,0.0,273232.5,835632.8125,2383127.25,184318.0781,3418795.25,0.0,19413106.0,0.0,193969.2031,0.0,338926.9688,0.0,42685.0664,1962541.5,0.0,0.0,2464609.0,0.0,281924.9688,793838.5625,88472.4297,0.0,0.0,118961.8359,92803.7031,244228.125,0.0,1179810816.0,0.0,13393222.0,0.0,4074123.5,0.0,1027777.625,0.0,67286.7656,0.0,1545901.125,0.0
105-1,755107.0,0.0,68055.2891,1234424.625,0.0,0.0,257263.3281,372376.375,133035.4531,0.0,841914.125,0.0,5835908.5,158512.0313,8361393.5,0.0,479275.3125,223187.7969,0.0,1161093.125,530838.875,1253723.25,0.0,165086.6719,0.0,110357.5781,2036382.125,215942.7969,851772.125,0.0,0.0,629150.5625,0.0,1957068.5,74943.4844,386986.4063,69240.5625,175401.625,0.0,556136.0,6613668.5,0.0,300277.8438,1409602.375,184394.3594,0.0,1421856.75,1245285.5,0.0,566044.4375,317142.5938,1670526.125,283014.0,0.0,0.0,0.0,7295913.5,0.0,423777.5938,188298.8594,0.0,543016.875,78368.25,1839971.125,70051.6328,42120.4297,734042.0,1546514.0,174160.7344,748350.0,95459.2969,7072094.5,97788.2344,251556.8438,0.0,98485.2109,6881810.0,3674428.75,479907.7188,2538422.5,4630888.5,1273968.625,1205884.0,3880799.75,8411009.0,2132910.0,0.0,2459455.0,0.0,78308.7344,387448.3438,75134.8594,2526465.5,162259.125,185032.4688,0.0,480838.8125,24428884.0,26407588.0,637683.3125,139727.5469,343874.0625,1522292.625,102582.7813,0.0,0.0,376656.1563,0.0,0.0,692428.0625,1024871.0,971774.5,516950.25,194976608.0,365226.9375,0.0,0.0,636604.9375,354811.25,1124774.0,5662646.5,739994.875,0.0,145479.6563,390582.5625,80939.1719,0.0,0.0,202857.4688,0.0,261397.25,518116.4375,0.0,0.0,0.0,3948555.25,291730.4688,259328.875,52358.5586,474812.9063,54893.4688,0.0,69914.6094,645831.1875,0.0,910598.75,0.0,0.0,355903.6875,0.0,76718.9141,5573406.0,2839722.5
102-1,0.0,723869.1875,175294.5469,1040467.9375,0.0,0.0,135265.75,151093.0625,201911.7188,0.0,528379.25,0.0,109927.9063,0.0,4669906.5,0.0,4358196.0,6767951.5,955020.625,0.0,270419.0625,0.0,232826032.0,0.0,0.0,532307.5625,0.0,352545.0,431931.875,264124.3125,121336.2891,223892.7969,3593202.25,3357807.75,308766.5625,207649.2031,120734.3672,708512.125,371105.0,31222.8867,2450941.75,342902.9063,0.0,451684.2188,0.0,950566.5,948868.25,0.0,165180.3438,247406.0938,315323.9688,3285299.5,0.0,281785.5,0.0,10486518.0,0.0,119655.4766,116991.0391,85380.1016,593958.0,0.0,631100.375,529377.6875,141104.3281,141569.6094,0.0,0.0,0.0,539314.25,1145002.0,1994224.25,0.0,29505.7969,0.0,34082.293,72296.7656,0.0,0.0,0.0,0.0,0.0,1210328.875,0.0,84705.5156,0.0,53060.9258,0.0,0.0,0.0,0.0,192095.8906,935532.5,19031.3691,69093.8047,101885.2344,0.0,0.0,2795681.75,0.0,95276.2266,1460092.875,1111306.0,0.0,1323670.625,532759.3125,0.0,0.0,1435134.5,826976.0625,14962709.0,0.0,0.0,1079106.875,302834.2188,559032.3125,326468.9063,580573.3125,447142.75,0.0,570259.1875,319262.5938,211766.3438,1207660.375,347799.9063,0.0,297813.9688,184952.5469,1000928.375,13326332.0,16906180.0,454783.0,131554.0625,79500.7344,122235.2734,126455.4531,145947.5781,72054.3047,222610.1563,51118.0,155417.6875,750417.875,150288.1094,1904362.0,19074192.0,844503.625,1131056.25,0.0,0.0,52767.7031,0.0,4873888.0,983914.9375
114-1,44859.043,0.0,46318.9805,0.0,213572.3594,556563.5625,862130.125,432457.5,0.0,1292310.625,406587.5625,27388.9277,0.0,0.0,0.0,1383045.75,2447962.5,4369397.0,415797.25,1127670.875,67618.9141,0.0,25517300.0,116934.8125,4023363.0,0.0,327001.5313,265029.9063,188987.0469,622964.1875,365448.8438,0.0,806459.3125,0.0,93717.6172,1730671.375,395909.625,288372.6875,139342.2656,61704.3633,0.0,3383799.25,0.0,259650.7344,0.0,302260.0,0.0,1843647.375,872653.3125,88740.8203,0.0,447484.4375,0.0,343650.2813,0.0,0.0,22460152.0,0.0,118141.8281,62188.8359,544543.4375,884061.9375,0.0,339797.4688,0.0,0.0,2475345.0,0.0,130443.9844,2093273.125,0.0,76315.9922,0.0,0.0,3918579.5,0.0,25474.6699,0.0,0.0,0.0,44624.2852,1460969.625,0.0,0.0,120642.8281,0.0,0.0,37511408.0,118687624.0,0.0,229053.1406,103147.5859,0.0,40037.8789,729876.5,346443.9063,0.0,0.0,14063007.0,5326923.5,0.0,495206.5,0.0,299343.0938,1371299.5,46366592.0,603185.0,1481883.875,957872.875,0.0,0.0,0.0,3993643.25,294940.9688,597275.75,943255.875,695928.8125,0.0,408021.0313,100019.6328,9882317.0,0.0,166909.2813,150904.1563,1084659.5,46660.0,0.0,236406.0,531013.375,1873458.375,343384.125,483762.3125,490671.3125,355360.9688,96296.0625,0.0,1080917.0,161601.2969,59650.9492,122791.5391,463985.6875,5812599.5,0.0,0.0,0.0,2620468.25,0.0,0.0,1636090.5,67195.8438,0.0,602264.0625,1915550.625
142-1,182329.6094,447388.75,466408.3438,0.0,117541.0625,1436599.875,296157.5938,538116.875,0.0,1903006.5,2128677.0,17112010.0,0.0,104868.5938,712714.75,2358771.0,2994697.75,0.0,0.0,1166474.125,0.0,0.0,2169152.0,0.0,3176862.5,0.0,322888.0313,306678.25,0.0,1758482.75,730963.6875,0.0,2293113.0,0.0,1154412.125,5834108.5,65187.5273,263990.9688,0.0,2669939.5,130589.5938,3487768.0,6317454.5,0.0,135984.625,0.0,0.0,13348452.0,147829.4375,311842.5,0.0,466173.0625,35364.2227,444451.75,425501.4375,31521.1797,46111792.0,408068.0625,1874361.0,0.0,0.0,867606.4375,638869.8125,532324.3125,377743.1563,204887.5938,0.0,73533.1016,0.0,433768.8125,0.0,45858904.0,0.0,0.0,330047.7813,23206.0215,115961.4688,986804.1875,775373.25,0.0,119666.9453,24906192.0,306551.7188,0.0,0.0,446222.0625,675195.5625,11165845.0,0.0,108540.5469,80038.6719,1026469.75,1273101.875,0.0,0.0,0.0,0.0,203720.0469,5299382.5,3535985.25,41063.9023,1202293.75,1379399.25,146178.4063,1438851.375,840389.1875,1620601.5,264936.8438,600491.375,155340.5313,2228602.75,0.0,2147273.75,0.0,19534.8359,757917.875,2813344.75,423027.4063,1434932.625,130006.2031,252746688.0,984086.5625,0.0,96413.3281,687822.8125,0.0,11122426.0,7601243.5,620978.125,3589947.5,14556025.0,0.0,195346.7188,212216.6406,77029.4453,2797427.0,127220.9922,250275.3281,179051.3281,103547.1953,0.0,0.0,148132.5156,0.0,2083874.125,1536290.625,0.0,308074.0625,0.0,64235.0586,81537.4063,0.0,0.0
151-1,0.0,0.0,0.0,221339.375,178381.6875,1247250.125,413731.4063,0.0,0.0,0.0,0.0,1812623.875,0.0,212948.0156,228857.9375,0.0,0.0,0.0,0.0,410798.4063,0.0,0.0,151012224.0,71472.6406,12331215.0,2163267.75,103283.2734,0.0,0.0,0.0,229221.6094,2001945.25,2438426.0,237747.8125,868473.75,359666.6563,0.0,0.0,0.0,0.0,0.0,1010455.5625,341000.5625,0.0,447328.375,0.0,0.0,2814142.0,169742.7344,137251.75,0.0,1205116.0,0.0,111367.5078,0.0,2947643.75,1947986.375,74913.1797,0.0,248485.9375,286109.0,0.0,0.0,956163.5625,249566.4688,125810.3438,0.0,0.0,0.0,822426.5625,0.0,1337055.375,0.0,38291.6953,359898.5313,93547.6094,4008600.5,0.0,205672.4063,0.0,0.0,1777816.75,0.0,0.0,119036.0078,127012.0938,247004.1406,0.0,344455.0313,69282.125,118598.0391,280073.4063,0.0,0.0,100136.5234,237770.9531,0.0,0.0,2244103.75,519170.75,0.0,0.0,3063526.5,86409.6406,1759176.875,1509125.25,531332.4375,139152.625,280246.6563,0.0,0.0,0.0,0.0,0.0,85145.2891,2135442.25,3443729.5,0.0,140870.0625,0.0,0.0,0.0,158427.5625,0.0,0.0,0.0,0.0,319924.9063,0.0,0.0,565981.9375,0.0,602490.5625,285069.6563,116473.7422,132567.3281,0.0,241893.6406,0.0,147675.3438,136532.3906,2964864.5,0.0,2933585.25,0.0,1033188.875,0.0,427982.2188,955062.25,89451.3984,0.0,597373.3125,0.0
120-1,0.0,582785.6875,0.0,1107295.625,289287.0,1959548.875,212941.7813,1162628.125,0.0,934638.125,500683.4063,42231.2695,0.0,0.0,1065837.0,3629107.25,7279815.5,0.0,387584.5938,280370.875,136178.9375,0.0,90075.7578,83481.9219,0.0,0.0,419015.5,248644.0,0.0,0.0,0.0,123983.8125,0.0,1571653.5,76648.3359,0.0,627275.875,432635.2188,405266.8125,0.0,460680.2188,1112234.875,245724.8125,167332.0156,69081.4766,0.0,543029.75,0.0,104317.3047,0.0,57318.6328,0.0,319630.0,1633962.5,1157770.25,0.0,10933985.0,196275.9844,120635.0391,144448.2969,151980.0,0.0,1263448.875,349601.1563,261777.9688,97633.7344,369707.3438,1856336.0,92754.7891,1823692.75,478657.6563,0.0,0.0,36551.1602,137860.2969,38781.6328,0.0,5113334.5,755383.4375,2715303.75,87921.0625,0.0,352606.4688,116011.4531,1088187.0,54702.4531,76719.3594,0.0,46768.0508,0.0,0.0,229865.0313,5211129.5,0.0,0.0,47843.0,211595.4219,0.0,0.0,535889.375,135934.0625,189566.7188,806151.25,0.0,0.0,221654.6094,1047287.0625,0.0,2424561.75,0.0,17154072.0,373625.0313,141260.5313,1656567.125,355830.6875,0.0,0.0,487432.5938,0.0,184818.6719,0.0,0.0,462267.0,0.0,0.0,72670.9766,0.0,0.0,0.0,41004672.0,120634.1563,2185559.5,0.0,0.0,74996.0781,440373.8125,217552.9688,0.0,0.0,499748.125,297387.5938,0.0,39522.2578,0.0,36611288.0,1295366.875,454537.9063,917140.125,12689324.0,68092.3594,0.0,0.0,1221596.75
162-1,638609.625,0.0,360465.1563,97250.7969,219968.1406,769247.0,579211.9375,1395616.875,260515.6406,539687.625,635845.4375,1582791.625,29779.7617,68580.1719,0.0,1514192.375,2909575.25,0.0,169709.2969,1403622.875,0.0,308196.9375,30792510.0,292702.1563,3320279.5,0.0,382956.7813,519370.25,0.0,0.0,434271.1563,387904.7188,8908403.0,1209797.375,0.0,588602.0625,217610.4063,443435.8438,217559.3594,701453.0625,66687.5,856520.0,879405.375,0.0,57129.7344,0.0,3698477.75,5124577.0,154708.2188,417190.9688,26419.2773,401792.2188,0.0,292802.25,1314339.0,4602246.0,0.0,89979.5469,0.0,397842.625,48970.0,1153801.125,0.0,250630.875,12421140.0,188219.375,968422.1875,0.0,0.0,1517229.375,0.0,168727.8906,197391.0469,0.0,0.0,0.0,951404.5,1127904.25,528357.9375,281006.375,30717.2227,485710.3125,1265445.25,59717.9375,1154042.125,369100.1875,329489.8125,5852720.0,27037620.0,147835.5313,147713.1719,125812.4141,683596.0625,0.0,0.0,81153.4063,0.0,749515.625,22618218.0,9189690.0,149263.0469,3645100.75,0.0,322087.25,974357.0625,638858.9375,2616035.25,261093.5156,407287.3438,217981.625,0.0,0.0,2001866.0,20423576.0,324296.0625,315352.375,3205351.5,0.0,601010.6875,61417.5977,39978240.0,0.0,370145.2813,253691.0,706086.3125,0.0,211670.6563,298649.0938,1708522.625,1576397.375,4128561.75,601363.375,342221.1875,155286.2656,81744.8359,0.0,88400.1484,630566.5,480312.0313,245913.0938,252907.1094,1149861.875,0.0,1105036.375,0.0,580768.6875,0.0,1099544.5,388314.5625,66945.8125,0.0,1138428.5,3324267.5
115-1,87604.1172,0.0,41593.6133,144589.1563,1354657.25,0.0,360191.9063,120865.6094,72970.2422,0.0,0.0,0.0,1138359.875,160352.2969,4782389.5,975359.6875,320377.6563,0.0,99682.8984,417114.5625,205370.7344,142100.2969,566572.875,0.0,9239776.0,260603.8906,393605.2813,0.0,0.0,446427.9063,57977.3477,88188.1563,1501617.625,1164573.625,0.0,0.0,82976.7656,96939.5078,241225.1094,474953.5,688699.0,0.0,0.0,1217208.25,0.0,0.0,0.0,0.0,0.0,0.0,1084949.625,8385002.0,42828.0273,0.0,173439.4063,0.0,0.0,0.0,1429867.25,0.0,0.0,2109338.0,0.0,1260570.125,0.0,0.0,0.0,189482.1406,175586.7656,1153033.0,0.0,0.0,67453.0,28260.1523,0.0,61710.4375,0.0,206369.6406,445679.3438,242168.7656,51700.3164,0.0,101334.9844,964309.5625,115646.8984,2308827.75,0.0,58873.9023,0.0,0.0,335594.125,0.0,0.0,538693.0625,139159.2656,0.0,143172.0,30339966.0,0.0,0.0,76893.6797,177425.4688,0.0,106860.3438,0.0,205029.7031,0.0,0.0,0.0,16059.1426,346006.9375,348377.9063,1106670.125,934536.0625,198721.8281,507936.8125,0.0,0.0,0.0,296352.2188,303673120.0,0.0,298990.2188,186178.0,730650.0625,43016.0352,21666016.0,168956.9688,344377.875,0.0,30082.3574,92451.1094,135794.5,0.0,0.0,765852.5,0.0,68619.7031,0.0,102893.0,462423.7813,45215.8203,0.0,305620.9688,0.0,810437.3125,122700.6563,0.0,5304825.5,0.0,116906.7344,41128568.0,0.0
167-1,0.0,1159074.375,0.0,100002.2188,0.0,0.0,0.0,905902.0,183841.875,447583.0625,585661.375,380568.625,1333970.875,145858.0625,405966016.0,0.0,3238753.75,67740640.0,0.0,0.0,594720.0625,202245.7188,2284597.25,0.0,0.0,0.0,0.0,0.0,94004.0078,0.0,158415.4063,179343.8125,2083022.375,869561.6875,176095.7344,0.0,357015.9375,0.0,4979393.0,0.0,140457.8594,825827.6875,0.0,2252192.5,0.0,517782.8438,171476.7656,0.0,176229.9844,778329.75,43054.4844,0.0,224942.0,0.0,197526.6406,0.0,36695228.0,294456.25,269873.4063,161235.1719,635316.0,332474.5313,58473.8555,0.0,197985.0469,281229.9375,0.0,164662.5781,406453.3125,0.0,108597.0313,866330.75,171003.7813,0.0,595812.5,0.0,0.0,0.0,0.0,154108.1875,34668.7305,703834.3125,31139.7871,49922.4648,583067.125,5412693.0,0.0,0.0,0.0,0.0,1399681.875,0.0,3926954.5,3307391.5,389639.5313,197732.5,285488.6875,12753788.0,399269.2188,738291.8125,0.0,0.0,1386957.0,7104081.0,759717.875,4787420.0,705313.25,4721238.5,0.0,439008.0625,1044091.875,0.0,475232.4375,933084.1875,0.0,0.0,0.0,1527540.75,2951956.75,218797.2656,1626433.625,949550.1875,451221.7188,0.0,437460.5,35677.0625,267239.0313,0.0,282403.6875,1198976.75,0.0,823357.25,0.0,0.0,87168.8125,385299.5625,166267.7188,99892.6016,101121.0,0.0,0.0,509844.1875,51813.0,0.0,703848.4375,0.0,169261.7656,0.0,735310.75,80777.1797,0.0,0.0,385344.125
116-1,30194.707,305756.1875,1723259.125,119509.7656,76643.7344,0.0,0.0,372448.7813,0.0,598142.375,722833.375,35971.0625,0.0,95705.0313,0.0,0.0,5406958.0,6016150.5,0.0,0.0,127143.9609,158742.2344,0.0,57340.9922,1143309.375,420314.25,190591.6719,0.0,0.0,0.0,0.0,154092.0781,594850.4375,669755.4375,129307.4531,968292.25,37593.0781,286157.2188,156688.8594,0.0,0.0,391042.0938,290432.6563,766019.0,130377.7031,0.0,1716153.875,376655.25,202506.3594,371356.5,107661.5156,453357.0625,0.0,0.0,236405.7656,121089.6406,2163408.0,216503.4375,449322.9063,0.0,481935.0,169451.8281,63277.4375,46967.8633,2266707.25,54040.6914,513804.25,998402.6875,94353.2188,0.0,383325.75,0.0,82412.1094,0.0,0.0,0.0,0.0,0.0,0.0,705943.0625,0.0,0.0,0.0,117772.2031,642708.8125,462490.7188,42814.2852,0.0,0.0,0.0,138040.2344,97963.2813,1090223.25,239536.0313,99215.0156,0.0,115836.8828,0.0,0.0,1069806.75,0.0,159009.1406,1752117.125,805003.8125,0.0,400827.3125,481456.5938,0.0,215140.7656,0.0,1171325.625,0.0,615560.0625,0.0,0.0,812775.875,597997.0,362632.8438,1043551.0625,38951.7852,0.0,0.0,209990.2656,657350.1875,461327.1875,23909.2422,86593.4141,0.0,729963.6875,1905673.875,0.0,0.0,479983.0938,0.0,0.0,697998.375,135709.5156,173298.9531,102956.7266,62304.3867,0.0,0.0,126252.4531,0.0,4137205.75,0.0,145212.3906,345795.1563,0.0,0.0,214389.3125,6269732.0,500543.6875
133-1,0.0,0.0,68054.0781,82173.9063,186024.3281,2576409.75,341552.8125,0.0,0.0,0.0,426708.9063,1325764.625,377997.5625,291246.125,1004662.875,894059.3125,0.0,54977.4141,383561.375,894295.8125,0.0,0.0,15436583.0,0.0,10036579.0,0.0,221499.6563,189605.2031,144505.8125,374264.125,214923.0781,846451.375,3252477.5,3429945.5,0.0,8350851.0,75828.9297,0.0,0.0,0.0,10178366.0,0.0,0.0,0.0,602599.375,0.0,0.0,126216832.0,291489.875,473853.1563,21570.3574,254734.1719,0.0,0.0,699302.75,146434656.0,0.0,0.0,176595.2188,0.0,1179453.0,315213.8438,0.0,322701.9375,335961.2188,0.0,0.0,0.0,0.0,22830088.0,0.0,1024972.3125,0.0,0.0,593639.75,0.0,361966.0625,125149.0156,237224.6406,0.0,0.0,15441415.0,71955.0547,0.0,150687.5469,74844.3125,323545.6563,220761312.0,1134400.75,0.0,0.0,53388.9883,2003194.125,0.0,294520.5,190560.4375,0.0,31085.9473,119516.4766,2067869.75,727933.75,67125.5938,0.0,113400.0,0.0,2818909.75,2096224.875,39028.9727,11141326.0,0.0,0.0,0.0,4772728.5,3198304.5,444651.9375,1470156.5,987658.875,309399.4688,0.0,71289.9688,0.0,221314.4219,492342.6875,249699.6094,0.0,0.0,0.0,1573491.5,123761.75,0.0,2107639.75,341596.8438,9269032.0,94841.0156,106650.0625,167103.7813,0.0,664940.0,703906.75,122603.7266,0.0,1525073280.0,0.0,7978690.5,551968.9375,1976574.125,275195.0625,1429557.375,593084.3125,72295.9766,0.0,575124.0,1403967.25
169-1,0.0,0.0,188576.2031,0.0,0.0,0.0,261847.4219,62103.2813,2328446.5,307499.0938,388830.4063,23801.1934,3522422.5,178805.9688,446481792.0,0.0,4348753.5,0.0,0.0,625908.25,803984.8125,0.0,0.0,81406.1641,0.0,2557293.5,673330.875,55253.875,0.0,430117.25,0.0,202653.5938,2429555.0,1076850.625,0.0,9372877.0,149245.1094,263357.6563,2688719.75,0.0,0.0,331402.3438,0.0,6581774.5,81384.4375,1060706.875,507232.3438,0.0,257162.9844,0.0,2735361.75,0.0,47079.8555,40876.5938,219444.9844,0.0,9784986.0,0.0,1488774.375,0.0,118426.25,146129.2656,256748.5625,4972508.5,0.0,58847.5938,960663.875,1948434.125,134603.9219,597275.375,291259.5313,0.0,0.0,0.0,0.0,23777.584,94421.9297,0.0,180591.5625,1123208.75,77009.1406,0.0,0.0,0.0,0.0,6232500.5,0.0,0.0,154077.9844,0.0,0.0,150662.5156,764567.5,1471438.25,355200.4063,0.0,0.0,24136684.0,70717.9688,814258.6875,0.0,64100.8438,775355.625,2189431.75,0.0,1213551.375,733934.3125,0.0,72781.6563,770476.3125,6618465.0,0.0,897294.9375,754213.0,169509.9063,0.0,0.0,127401.3672,640229.9375,148709.8125,0.0,0.0,0.0,208636.8125,527960.125,0.0,807644.6875,0.0,0.0,7116300.5,0.0,0.0,0.0,124692.2266,50681.1406,2113398.0,107818.0,85188.625,0.0,0.0,0.0,0.0,296598.875,0.0,8170278.0,0.0,0.0,0.0,4690281.0,0.0,0.0,9972443.0,1282207.5
131-1,20786.7402,0.0,129037.9922,1766187.25,0.0,0.0,418571.0,0.0,111464.5469,375710.3125,312083.0,110119.5234,0.0,134736.8281,0.0,0.0,0.0,18490800.0,165183.6875,0.0,595938.75,164312.5469,0.0,91361.5078,0.0,0.0,322818.5313,0.0,751741.5,91389.25,0.0,102697.4375,721356.625,625208.0625,0.0,0.0,55234.9492,0.0,0.0,177044.8125,0.0,0.0,0.0,1222880.0,0.0,1484856.0,610351.875,1174254.0,0.0,0.0,5166359.0,646286.875,0.0,0.0,156469.2656,902589.0,0.0,39865.6758,0.0,0.0,46152.418,1037914.1875,328069.0313,682271.125,0.0,0.0,0.0,87194.4844,193806.7031,139966.4375,173505.1875,0.0,0.0,172044.8594,0.0,52180.7148,0.0,0.0,507217.1875,0.0,0.0,0.0,0.0,707077.125,0.0,3768194.0,0.0,0.0,0.0,68998.5703,0.0,0.0,528751.6875,80959.2031,174034.6875,0.0,101346.1328,0.0,0.0,0.0,132888.2188,38471.1523,1126728.25,0.0,1803304.625,0.0,0.0,0.0,0.0,0.0,104234.1406,0.0,334378.125,2317206.0,171340.0938,0.0,0.0,178159.75,359291.7188,1839167.375,10282826.0,373523.0313,830247.875,0.0,914940.8125,42733.4453,6887730.0,0.0,258291.5,871280.3125,0.0,627512.6875,0.0,29480.0684,48681.0352,111882.4453,0.0,549065.625,0.0,0.0,99648.3594,0.0,158845.3438,0.0,0.0,2804838.0,650892.9375,0.0,3422298.0,0.0,26981.5352,10594910.0,1063244.125
153-1,150540.9375,119132.1875,43404.0117,0.0,0.0,10398041.0,0.0,111653.8594,166671.9531,810532.9375,3430132.75,45546.5547,105839.4141,2763236.25,396496.9375,4711884.0,44814080.0,48690.7656,0.0,0.0,0.0,0.0,122059.7813,0.0,4670324.5,88595.5313,358607.9063,603040.3125,0.0,1613965.5,120567.4453,0.0,3156906.75,0.0,188025.1406,30114388.0,0.0,937500.0,0.0,1723016.75,61934.3555,0.0,200831.6563,0.0,0.0,1659708.75,0.0,2351175.25,0.0,132143.2656,233520.8125,929954.0,22426.959,722436.875,372623.375,83605.625,17705190.0,112330.5625,4157731.75,77306.6563,0.0,2070080.625,0.0,143755.6094,0.0,327003.1875,1239105.625,147375.375,0.0,0.0,394879.4688,0.0,157212.0,0.0,0.0,0.0,232225.0,4030745.25,4363699.5,0.0,124924.25,47605964.0,142922.4219,47367.9375,0.0,631836.875,130189.7891,0.0,123393.7188,167252.7188,0.0,821921.5625,221986.9531,0.0,126003.9375,0.0,0.0,95217.9609,4922961.5,538758.625,817066.375,648559.9375,824668.3125,1526947.5,850816.5625,154980.4063,1273280.5,400976.0625,1374128.0,95800.7969,0.0,0.0,0.0,380068.0625,0.0,0.0,1570607.375,0.0,496510.3125,416504.25,0.0,525637.875,1799061.0,115236.0859,1994469.375,1644634.125,0.0,6400178.0,1608046.75,2440962.0,5888899.0,1087125.125,0.0,226250.6406,159172.9844,2777039.75,148558.0,479934.625,108509.1172,0.0,464354.4688,0.0,51999.8164,504512.0938,0.0,847856.0,0.0,557537.625,0.0,99786.3516,3263173.5,83933728.0,0.0
147-1,0.0,125451.9219,50319.8359,0.0,0.0,7034410.0,355915.5,0.0,0.0,1347092.875,14447667.0,779094.375,113671.7656,132086.3594,0.0,0.0,0.0,0.0,330092.5,592006.8125,0.0,301040.125,0.0,0.0,4785876.0,132516.2813,302601.2188,130020.4688,0.0,658477.25,0.0,0.0,1540089.25,0.0,60869.6641,305912.125,0.0,0.0,0.0,0.0,0.0,0.0,716421.75,0.0,0.0,0.0,0.0,8043773.5,77504.4219,219045.0625,146471.25,1138643.0,0.0,0.0,248254.4688,175932.5313,4281039.0,0.0,0.0,117894.5391,0.0,0.0,0.0,126364.8281,0.0,0.0,8211176.5,0.0,0.0,0.0,0.0,14933771.0,83541.0,0.0,66505.9688,72309.2188,2462949.0,1994884.875,0.0,0.0,0.0,14129946.0,1231736.375,189537.5156,0.0,0.0,0.0,1087960.25,10774816.0,202373.9063,0.0,119772.5859,0.0,0.0,412467.5,0.0,460583.9375,0.0,9952444.0,2733520.5,59418.7344,0.0,806581.0625,107945.7656,786139.375,234155.8438,0.0,229618.7969,0.0,29319.0527,139717.9531,919399.375,3620616.25,0.0,0.0,676168.3125,1290649.0,0.0,0.0,58011.6992,0.0,0.0,586182.6875,96312.5859,0.0,0.0,0.0,0.0,202553.1875,2045758.25,331114.4375,174169.7813,0.0,177433.5938,72711.2344,0.0,0.0,246829.5156,0.0,65189.9922,0.0,871425.0625,0.0,0.0,3325497.25,0.0,0.0,0.0,2544605.0,56550.1719,0.0,0.0,0.0
176-1,53710.9023,1309677.0,0.0,663586.125,0.0,336408.5313,354229.3125,229617.7813,142402.9531,1719902.375,289132.0938,0.0,0.0,152736.0,0.0,0.0,0.0,0.0,351313.0313,591300.0,579050.375,427453.5313,0.0,0.0,5410970.5,289230.9063,634085.6875,0.0,89390.5313,3316736.0,32081.3398,366595.375,2424862.25,381566.3125,0.0,0.0,148681.5156,218563.0156,1997669.0,1159708.25,0.0,1825274.375,0.0,2233951.0,0.0,0.0,1606801.375,6682954.0,140589.1875,1456863.25,878510.375,0.0,0.0,391712.3438,528676.5,0.0,15021851.0,307950.5625,869392.75,61778.2383,465614.0,0.0,277788.3438,205461.8906,199491.9844,0.0,0.0,14951522.0,161291.3906,0.0,982527.9375,195802.8438,0.0,105897.4531,344549.3438,169135.625,197057.3125,7885635.5,559054.0,8679116.0,26231.9609,391593.2188,27979.5039,402163.5938,140416.9688,75368.3594,1481410.625,0.0,102230.9766,38689.7031,0.0,143121.8438,1942852.0,1406606.125,0.0,241373.2188,630241.0625,0.0,0.0,0.0,268222.6875,0.0,0.0,720939.8125,602265.4375,10270113.0,534976.75,0.0,0.0,0.0,407189.8125,658100.375,502035.75,5459832.0,1423172.625,0.0,77032.2813,815526.4375,416936.5313,1414235.375,208122464.0,0.0,0.0,92279.3359,495793.4063,89877.2266,126521200.0,0.0,0.0,4571762.5,0.0,786614.375,284868.7813,0.0,0.0,106236.1406,149084.4844,0.0,0.0,31231.3027,114398.8359,324248.9688,0.0,218793.9375,5724632.0,0.0,316246.5,648665.625,5061949.5,77865.7344,46824.8867,367557.875,1370378.75
136-1,82831.5,0.0,64361.0234,394547.5,56379.0898,0.0,335454.7188,1350677.5,227068.25,413759.7813,274052.5625,182852.0156,0.0,442828.6563,204965.8281,0.0,472108.7188,85575.9844,0.0,1494193.125,124065.1563,1159849.5,100274672.0,128184.7031,2988861.5,983441.3125,476316.0,119380.2656,131540.3281,0.0,217259.9219,189411.5469,2015478.125,1018591.875,0.0,154210.7969,1059279.375,260466.7969,1478326.625,0.0,46050.6797,549091.5625,1154849.75,1745960.5,102502.6328,1228020.625,4195124.0,1995513.5,107428.8281,189096.8906,78377.7266,1925684.25,93472.0,0.0,0.0,0.0,29946976.0,244767.1875,155842.1719,116222.7813,346464.0,292139.25,306216.2813,916864.6875,827979.625,72668.0781,797880.75,1553761.375,327167.2813,0.0,102338.1875,255381.5938,77417.0156,75985.75,321382.25,327800.9063,0.0,0.0,0.0,975512.3125,79754.7109,745689.75,32550.8438,1587995.625,246366.75,58802872.0,0.0,0.0,0.0,64629.1484,922659.0,151756.9531,1073296.5,720483.9375,295132.9375,121998.1953,501793.375,0.0,179966.6875,633639.0,98300.4609,153318.8125,0.0,821033.4375,0.0,2538918.25,0.0,2740233.0,0.0,0.0,1751727.5,977209.3125,896980.3125,6002970.0,459583.0313,932313.25,0.0,508264.0,277346.875,255422.875,0.0,0.0,83899.5078,373229.0,4513123.5,165452.0313,103109.5,0.0,1211832.125,2348796.0,95538.5234,1138267.875,361318.5,172604.7969,61413.9102,1111510.125,2746347.25,0.0,39677.4531,342151.2813,0.0,0.0,60417.4258,0.0,1540710.5,24498854.0,0.0,520625.4375,8143859.5,0.0,36911.8789,10631920.0,1533381.5
103-1,327090.75,0.0,547875.8125,253590.8906,211007.7344,1326794.0,234185.4063,56897.2383,136005.9844,0.0,474041.5313,37723.2734,3368028.25,0.0,22743152.0,0.0,5298974.5,50938.8789,134843.7188,88001.2734,0.0,0.0,59619.3516,84683.2891,10158189.0,574825.8125,300237.0313,274969.7188,131742.4063,546961.0,145293.2188,0.0,1284512.25,0.0,0.0,581156.625,133802.5156,561287.125,2095779.5,29400.2402,6502309.5,0.0,11713704.0,0.0,193148.9219,1698019.625,0.0,1526856.125,93577.5,356110.0625,596919.125,1324832.375,40694.0,1301669.375,0.0,5176797.0,0.0,286414.4688,5443642.0,0.0,0.0,0.0,124064.3906,3341102.0,358285.6875,289439.4063,1889802.125,95647.1641,145663.7656,487420.7188,0.0,189200.5,68590.3516,88638.9688,226831.3125,57023.418,1298371.375,0.0,846564.625,144442.7813,78915.8438,5485398.5,115176.4141,0.0,605239.0625,1223669.125,53166.2422,589762.8125,0.0,175476.125,0.0,163802.875,0.0,0.0,68877.8203,0.0,0.0,17717392.0,9515994.0,421701.125,230931.7813,586311.8125,2223021.75,5993667.5,1352124.375,267643.0625,529928.0625,41034.0117,13816645.0,13277791.0,9685694.0,266343.0313,509509.4063,0.0,266944.0,631468.8125,1395763.375,0.0,726972.1875,0.0,0.0,0.0,518673.875,0.0,856888.0,91413.0156,0.0,207136.1719,0.0,4470152.5,22078132.0,149184.0625,156670.9063,236036.7031,124187.5156,2552175.25,0.0,833079.25,277419.4063,72966.0859,191225.0938,789116.4375,68502.0156,328228.6563,4182909.0,0.0,200003.7969,0.0,398159.1563,0.0,196967.625,9306306.0,0.0
109-1,40207.8203,572734.5625,151864.4219,0.0,207864.7969,282608.6875,0.0,0.0,0.0,0.0,0.0,207543.5625,735834.9375,152417.3438,5183557.5,2217510.0,0.0,5128152.5,0.0,850393.9375,0.0,213069.5156,0.0,67845.1875,0.0,981095.0625,0.0,255694.0469,152502.1406,58279.7344,64030.8125,1190651.375,0.0,0.0,0.0,0.0,39800.75,257958.3594,837037.6875,8619107.0,0.0,260477.625,3899694.0,0.0,107761.25,4452463.5,634096.75,1818670.875,232846.0625,401000.8125,335479.0313,0.0,168653.5781,70077.7422,2363937.75,5762602.5,5116815.5,0.0,2042190.0,0.0,0.0,2207823.75,1248563.5,0.0,10745444.0,0.0,528560.9375,1230957.0,130268.8594,166740.2031,397484.9063,22682212.0,0.0,0.0,462975.9688,0.0,3255702.25,3246694.0,1203491.0,2250385.25,144042.2344,2281801.5,597464.625,0.0,0.0,387409.0625,46388.6953,0.0,1433682.375,0.0,393871.5938,0.0,3246675.75,0.0,0.0,0.0,0.0,17781506.0,7879325.5,1257964.5,113166.8438,38127.8984,1334064.625,3888006.0,1325273.5,0.0,0.0,0.0,0.0,29262358.0,2971619.5,218062.9531,0.0,4037272.0,0.0,1503595.375,0.0,730053.8125,0.0,130938.875,71435816.0,589553.0,0.0,339982.0938,0.0,77233.9297,666405.0,1396571.375,702029.3125,9627683.0,22100218.0,5045902.5,0.0,0.0,88544.9688,129004.5156,475550.9688,274007.125,0.0,254209.3906,629486.9375,415329.9375,449158.6563,2411269.75,9816002.0,0.0,166694.5781,0.0,4128518.75,51586.0039,56674.9648,6507936.0,2881931.25
138-1,0.0,278293.125,500409.5,98967.3281,275341.1563,1729732.125,5485158.5,0.0,0.0,8222831.5,789678.0,7133443.0,33462.043,133343.0938,0.0,1520234.25,0.0,116072.9609,613181.5,732970.3125,0.0,0.0,743730.9375,0.0,3470462.0,328685.125,0.0,0.0,128094.9297,0.0,142956.3906,258019.3438,2903242.25,0.0,151872.8438,1579665.25,35764.5469,0.0,0.0,2408485.25,1049206.875,866280.6875,193051.3438,0.0,273689.7813,354459.7188,0.0,580507648.0,476583.9688,330364.0938,0.0,1159697.75,0.0,94076.6719,177075.125,1981559.125,5840683.0,0.0,93865.0625,0.0,622509.0,300718.0625,244115.1406,0.0,101179.7422,0.0,0.0,0.0,0.0,813682.6875,0.0,14143192.0,199562.5781,0.0,589692.875,129309.8125,159732.5781,168671.8281,0.0,0.0,0.0,10329426.0,27635.6582,0.0,664384.6875,0.0,143743.2031,94577120.0,12641379.0,68653.1172,0.0,61380.3906,79643.8594,0.0,241021.5,971767.4375,167426.1563,0.0,151889.8594,4268124.0,113103.7656,0.0,918142.25,94321.9531,1389898.25,1858777.625,3194391.5,286146.75,785090.8125,31563.8203,0.0,196235.7031,0.0,437234.2813,253420.4688,2757389.5,1628525.75,0.0,0.0,0.0,0.0,0.0,0.0,0.0,0.0,0.0,0.0,69855.7734,327340.8125,0.0,4751902.0,0.0,338131.5313,463084.9375,51610.3281,0.0,0.0,456229.2813,187994.9844,276187.7813,0.0,1192943360.0,0.0,556829.5,0.0,1282482.75,0.0,1277700.125,0.0,41853.5547,0.0,0.0,0.0
150-1,0.0,916041.5625,63638.1797,1337408.25,95794.0625,494443.9375,0.0,258048.7813,121836.0625,571041.1875,182060.5469,0.0,2078450.875,0.0,325497440.0,0.0,0.0,929579.0,280375.7188,580298.25,379714.0625,0.0,0.0,95947.4531,4906202.5,0.0,196527.5156,0.0,143825.1875,115298912.0,44210.6836,79547.7344,916168.1875,572648.6875,121048.4375,0.0,165123.3125,0.0,157784.1719,661302.1875,0.0,3070377.5,0.0,2966192.25,0.0,1013403.0,797454.375,2130185.5,309744.75,0.0,235897.5625,0.0,42426.0,0.0,0.0,0.0,5632283.5,330139.625,380312.5625,316522.7813,621128.0,276191.0,373382.375,0.0,159322.2031,0.0,0.0,0.0,155678.9063,0.0,86879.5313,0.0,0.0,83263.9922,0.0,135863.6406,0.0,0.0,120150.9141,57282.2617,0.0,408864.5938,210597.2031,185916.0313,0.0,359924.7813,0.0,0.0,476698.8438,0.0,0.0,119762.2656,1847886.75,398910.625,56793.4336,145977.2813,241697.4844,29126074.0,358155.75,0.0,136960.0781,0.0,1425866.5,1606525.625,740238.0,384928.9063,0.0,572555.3125,0.0,591101.0625,0.0,0.0,200544.5313,1714238.375,574833.9375,0.0,0.0,844597.0625,0.0,0.0,146080480.0,0.0,188643.0313,282227.3125,538770.75,50526.2578,60682568.0,0.0,839614.25,2111225.5,0.0,0.0,0.0,0.0,0.0,98511.1719,0.0,0.0,34063.3555,0.0,165537.6719,0.0,0.0,0.0,4836848.5,0.0,581469.0625,561581.375,9297487.0,0.0,64372.8594,0.0,212681.1719
