,ASV_10,ASV_9,ASV_6,ASV_4,ASV_31,ASV_161,ASV_89,ASV_23,ASV_30,ASV_45,ASV_46,ASV_155,ASV_102,ASV_159,ASV_94,ASV_194,ASV_218,ASV_28,ASV_166,ASV_44,ASV_122,ASV_175,ASV_57,ASV_135,ASV_76,ASV_130,ASV_195,ASV_120,ASV_183,ASV_34,ASV_1,ASV_134,ASV_144,ASV_114,ASV_220,ASV_177,ASV_145,ASV_154,ASV_41,ASV_112,ASV_178,ASV_29,ASV_137,ASV_119,ASV_157,ASV_128,ASV_47,ASV_140,ASV_43,ASV_101,ASV_180,ASV_27,ASV_141,ASV_217,ASV_171,ASV_192,ASV_143,ASV_432,ASV_123,ASV_51,ASV_49,ASV_129,ASV_181,ASV_12,ASV_19,ASV_163,ASV_222
123-1,0.0009497051956788413,0.0,0.0,0.00047485259783942065,0.0013454156938783586,0.0016224130426180207,0.0,0.0,0.015274425230501366,0.0631949665624629,0.535238019864667,0.0007518499465790828,0.0,0.0,0.0,0.0,0.0,0.0,0.10798939495864825,0.0641842428079617,0.0,0.0006331367971192276,0.0,0.0014641288433382138,0.0,0.010525899252107158,0.0,0.0,0.0,0.005144236476593724,0.0,0.0,0.013929009536623007,0.0,0.0,0.0,0.07186102647303233,0.0,0.013731154287523247,0.0027304024375766687,0.0,0.0,0.0,0.0,0.0,0.0,0.07783625499584504,0.0,0.0,0.0,0.0036405365834355588,0.0,0.0,0.0008309920462189862,0.0,0.0,0.0,0.0,0.0,0.00664793636975189,0.0,0.0,0.0,0.0,0.0,0.0,0.0
106-1,0.0,0.0,0.0,0.0,0.0,0.0,0.0,0.0,0.0,0.21454102973610162,0.02654194235303065,0.0,0.0,0.0,0.0,0.12442010799300326,0.0,0.0,0.33903718913985853,0.0,0.11202372804015515,0.0,0.0021294395011027456,0.0,0.015210282150733896,0.004334930412959161,0.009582477754962354,0.0,0.0,0.0,0.10479884401855655,0.0,0.0015210282150733897,0.0,0.0,0.011940071488326109,0.0,0.0,0.0,0.0,0.010951403148528405,0.0,0.0,0.0,0.013461099703399497,0.0,0.0,0.0,0.0,0.0,0.003802570537683474,0.0,0.0,0.0,0.0,0.0,0.0,0.0,0.0,0.0,0.0,0.004334930412959161,0.0,0.0013689253935660506,0.0,0.0,0.0
176-1,0.02520556779706562,0.0,0.0,0.0031171064653087548,0.0,0.0022572150266028912,0.0011823507282205622,0.0,0.003063363250389638,0.0,0.0,0.06723276186381469,0.0017735260923308432,0.0,0.0,0.025689256731337668,0.00048368893427204815,0.0010211210834632127,0.009512549040683613,0.0,0.0036545386144999194,0.020852367388617187,0.0,0.0003762025044338152,0.0,0.013167087655183533,0.0,0.0,0.043478260869565216,0.0,0.0,0.0,0.03794270973289622,0.003278336110066104,0.0,0.0,0.0,0.0,0.5079271242005696,0.0,0.0,0.005696780781426345,0.0,0.0009673778685440963,0.041543505132477024,0.059278766055785456,0.0,0.0,0.0,0.0,0.0,0.032084699306712525,0.0,0.0,0.0,0.0,0.006664158649970441,0.0,0.0,0.0,0.020099962379749557,0.0,0.004084484333852851,0.035792981136131566,0.0176277744934702,0.004245713978610201,0.000698661793948514
148-1,0.06743082296050865,0.003373033640786842,0.0,0.0,0.0,0.8728694665830871,0.0,0.04202859616130862,0.003313333930330438,0.0,0.0,0.0,0.001462642906181905,0.0,0.0,0.0,0.00023879884182561714,0.0005074475388794365,0.0,0.0,0.0,0.0,0.0,0.0004477478284230321,0.0,0.00029849855228202145,0.0,0.0,0.0,0.0009253455120742664,0.00014924927614101073,0.0,0.0,0.0,0.0,0.0,0.0,0.0,0.0018506910241485328,0.0,0.0,0.0,0.0005372973941076386,0.00041789797319483,0.0,0.0,0.0,0.0,0.0,0.0021790394316587563,0.0,0.00125369391958449,0.0,0.0,0.0,0.0,0.0,0.0,0.0,0.0,0.0003283484075102236,0.0,0.00038804811796662784,0.0,0.0,0.0,0.0
139-1,0.03236862147753237,0.0,0.0,0.0,0.001280897320501281,0.09717510212559717,0.0,0.0,0.0,0.19476563040919476,0.051685937824551685,0.0011424219345011425,0.0,0.0,0.0,0.00013847538600013847,0.21252509866371253,0.0,0.003184933878003185,0.0,0.0,0.014436058990514436,0.0003808073115003808,0.014124489372014125,0.029806826836529805,0.009797133559509797,0.004431212352004431,0.0,0.0,0.0,0.0,0.021394447137021395,0.0018001800180018,0.0,0.268953818458769,0.0,0.002907983106002908,0.0,0.0,0.0009000900090009,0.0,0.0,0.0,0.0,0.0,0.0018347988645018348,0.015993907083015995,0.0,0.0,0.0,0.0,0.0,0.0,0.0,0.0,0.001177040781001177,0.0,0.0,0.0006231392370006231,0.0,0.016963234785016962,0.0,0.0,0.0,0.0,0.0002077130790002077,0.0
167-1,0.000751189383190051,0.0,0.0,0.0,0.000180841888545753,0.0,0.00019475280304927245,0.00029212920457390867,0.0,0.04184403082658654,0.0,0.2415352085246084,0.0,0.5358484266755696,0.0,0.0,0.0,0.0,0.0,0.0,0.022285285034638176,0.05138691817600089,0.0,0.0,0.0,0.0,0.0,0.0,0.0,0.0010154967587569206,0.0,0.0,0.03519461369390424,0.0,0.0,0.0,0.0,0.0,0.0,0.0,0.0,0.00020866371755279191,0.0,0.0,0.009640263750938986,0.011824277327991543,0.0,0.0037837687449572936,0.0,0.0,0.0288790585093064,0.0013493587068413877,0.0,0.0,0.0,0.0,0.008861252538741897,0.0,0.0,0.0,0.0,0.0,0.0,0.004034165206020643,0.0,0.0008902985282252455,0.0
168-1,0.31871789784626237,0.0,0.0,0.00958931287613253,0.08599519432136322,0.0005731543328263122,0.009302735709719375,0.0,0.0,0.0,0.0,0.0,0.293962039547649,0.0027775940744659746,0.004541145867777705,0.0007935983069902784,0.0,0.03959173775984833,0.0,0.0022044397416396623,0.0001983995767475696,0.007010118378414126,0.0,0.023918171196790336,0.006767630006833763,0.0008817758966558649,0.0,0.07342988779401716,0.011485131053942641,0.0,0.0,0.007539183916407645,0.0,0.0013667526398165907,0.0,0.0,0.0,0.0013006194475674007,0.003703458765954633,0.005974031699843485,0.0013887970372329873,0.0002645327689967595,0.003571192381456253,0.0066133192249189865,0.0,0.000815642704406675,0.002160350946806869,0.04926922822564645,0.0,0.0030862156382955273,0.0,0.0023587505235544387,0.0,0.0,0.0,0.0,0.0,0.0,0.0,0.0,0.0,0.0,0.018847959791019112,0.0,0.0,0.0,0.0
119-1,0.0,0.0,0.0,0.0,0.0008060310084870324,0.0,0.0,0.0,0.0,0.0,0.0876677255701484,0.0028922289128064105,0.0,0.4435541226115405,0.0,0.0,0.0,0.0,0.0005689630648143758,0.01906026267128159,0.0,0.010668057465269547,0.0,0.009340476980702669,0.0,0.0,0.0,0.0,0.0,0.0,0.0,0.13124081361718268,0.0,0.0,0.0,0.08999099141814045,0.0011379261296287516,0.0,0.1323313261580769,0.0,0.0,0.0,0.062443696363377744,0.0,0.0,0.004646531695984069,0.0,0.0,0.0,0.0,0.0,0.0,0.0,0.0,0.0,0.0,0.0,0.0,0.0,0.0,0.003034469679010004,0.0,0.0,0.00023706794367265658,0.0,0.0003793087098762505,0.0
138-1,0.0004416028262580881,0.0,0.0,0.6875180001152007,0.0,0.24190234817502831,0.014918495478371062,0.011308872376783212,0.0034560221185415585,0.0,0.0,0.0,0.0,0.0,0.0018048115507939251,0.0,0.0,0.0,0.0,0.0,0.0,0.002284814622813586,0.0,0.0009408060211585354,0.013536086630954437,9.600061440393218e-05,0.0024768158516214503,0.0014208090931781964,0.0,0.0,0.009715262177677937,0.0002880018432117966,0.0,0.0,0.0,0.0,0.0003264020889733694,0.0,0.0,0.0,0.0,0.00011520073728471862,0.004128026419369084,0.0,0.0,0.0011712074957279726,0.0,0.0,0.0,0.0,0.0,0.002150413762648081,0.0,0.0,0.0,0.0,0.0,0.0,0.0,0.0,0.0,0.0,0.0,0.0,0.0,0.0,0.0
102-1,0.0,0.0006866402691629855,0.0,0.0,0.0,0.0,0.0,0.0,0.0,0.06349133688860406,0.0,0.10656656977409536,0.0,0.0,0.004714929848252501,0.0,0.013847245428120207,0.0,0.7033485157126181,0.0,0.0,0.0,0.0,0.0,0.0,0.0,0.005447346135359685,0.008743219427342016,0.003890961525256918,0.0,0.0,0.025955002174360853,0.0010986244306607769,0.0011215124396328764,0.007919251104346433,0.0017394886818795632,0.027648714838296215,0.0,0.0,0.00379940948936852,0.0,0.0,0.0,0.0,0.0,0.0006408642512187864,0.0,0.0009384083678560802,0.0,0.0,0.0,0.0,0.0,0.0,0.008949211508090912,0.004417385731615207,0.0,0.0,0.0,0.0,0.005035361973861893,0.0,0.0,0.0,0.0,0.0,0.0
151-1,0.0,0.015220721946190523,0.9004854021392059,0.0,0.0,0.0,0.0,0.00010023053021950487,0.0,0.0,0.0,0.0018471054854737325,0.004138089033348129,0.00750297111928865,0.001961654662867452,0.026962012629046808,0.0006013831813170291,0.0,0.013817494523117455,0.009836910608685691,0.0,0.002147797076132247,0.0,0.0,0.0,0.0033076074972436605,0.0,0.0,0.0019759733100416675,0.0,0.0,0.0,0.0,0.00017182376609057977,0.0,0.0,0.0,0.0009020747719755437,0.00031501023783272954,0.0,0.0,0.0,0.0010452612437176936,0.0,0.0003579661793553745,0.0001431864717421498,0.0,0.0006443391228396742,0.0,0.0034078380274631653,0.0,0.0,0.0,0.0002863729434842996,0.00045819670957487934,0.00032932888500694456,0.0,0.0,0.0,0.0,0.0,0.0020332478987385274,0.0,0.0,0.0,0.0,0.0
155-1,0.0,0.0,0.0,0.0,0.0011250359749875724,0.0006279270558070171,0.0,0.0,0.0,0.1943434237722718,0.05787394364354674,0.0015436540121922502,0.0,0.0,0.0,0.0,0.0006802543104576018,0.0,0.04628345673844222,0.6081211899217708,0.0,0.009418905837105257,0.0,0.0,0.0,0.005075743701106721,0.0,0.00015698176395175428,0.0004186180372046781,0.0,0.0,0.0,0.0002616362732529238,0.0,0.0,0.010413123675466367,0.0,0.0,0.004971089191805552,0.0,0.0,0.0,0.0,0.0,0.0,0.006096125166793124,0.0,0.0,0.0312393710263991,0.0,0.0,0.0,0.0,0.0,0.0,0.0,0.0,0.0,0.0,0.006959524868527773,0.0,0.0,0.0,0.002851835378456869,0.011145705240574554,0.0,0.0003924544098793857
169-1,0.00090546615621674,0.0,0.0,0.002954679036075678,0.0,0.0005401026194977045,0.0,0.0,0.0037648329653222345,0.37319502470175214,0.026512684468872616,0.2876205302536894,0.0,0.0,0.0,0.0,0.0007307270734380709,0.0006513002176295849,0.0,0.009864815491413957,0.0004289050213658242,0.01148512334990707,0.0,0.0,0.0,0.006973677939985067,0.0,0.0,0.0,0.0002223951962637607,7.942685580848596e-05,0.0,0.0020650982510206353,0.0,0.0,0.0,0.0,0.23726390367110928,0.0,0.0,0.0,0.0013661419199059587,0.0,3.1770742323394386e-05,0.00611586789725342,0.007577322044129561,0.0,0.0,0.0,0.0,0.00684659497069149,0.0,0.0,0.0,0.0,0.0,0.0,0.0,0.0,0.0,0.0079268002096869,0.0,0.0,0.004432018554113517,0.0,0.0004447903925275214,0.0
114-1,0.0,0.8317798852212137,0.0,0.0,0.0,0.0020961374089299525,0.0,0.0,0.007855427571329725,0.0,0.04890308925882209,0.0,0.0,0.0,0.0,0.00028491188082543044,0.0,0.0,0.0007733322479547397,0.0,0.0012821034637144368,0.0,0.00034596442671659406,0.0,0.0,0.0,0.0,0.0,0.0,0.03429117994220359,0.015771907688550614,0.0,0.015934714477593717,0.0,0.0,0.0,0.0,0.0,0.016484187390614188,0.0,0.0,0.0,0.0009564898856282307,0.0,0.0006919288534331881,0.0,0.0,0.013553665187838333,0.0,0.0006715780048028002,0.0,0.0,0.006898937685701494,0.0,0.0,0.0,0.001424559404127152,0.0,0.0,0.0,0.0,0.0,0.0,0.0,0.0,0.0,0.0
170-1,0.0009930815319937768,0.0,0.0,0.0003310271773312589,0.0007117084312622066,0.0,0.0006455029957959549,0.0,0.0,0.05466913833625741,0.22152338707007846,0.0,0.0,0.0,0.0003310271773312589,0.0,0.0,0.0004468866893971995,0.0,0.0,0.006736403058691118,0.04051772650534609,0.00019861630639875534,0.0,0.0,0.0025489092654506934,0.0,0.02209606408686153,0.0,0.0,0.0,0.0,0.011850772948459069,0.00016551358866562945,0.0,0.1297129994372538,0.0,0.0,0.0,0.0,0.2852792214240789,0.0,0.0,0.06352411532986858,0.0,0.019960938793074912,0.0,0.0,0.13083849184018007,0.0,0.0,0.0032275149789797743,0.0,0.0,0.0,0.0,0.0032606176967129,0.0,0.0,0.0,0.0,0.0,0.0,0.0,0.0,0.00043033533053063656,0.0
175-1,0.009976924121080494,0.0,0.0,0.0013913397583819737,0.0005768969729876476,0.0,0.0,0.0,0.0034613818379258857,0.01387946246776164,0.3261504004343695,0.028980589113614768,0.0003393511605809692,0.0,0.0,0.0,0.0011537939459752952,0.0010180534817429076,0.15033256413736934,0.0,0.13051445635944076,0.06247454866295643,0.00047509162481335684,0.0,0.0,0.006854893443735578,0.0,0.0,0.0,0.0,0.0,0.0,0.11239310438441699,0.0,0.0,0.0,0.0,0.0,0.04835754038278811,0.0,0.0,0.003698927650332564,0.0,0.0,0.005429618569295507,0.007092439256142256,0.0,0.0,0.0,0.0,0.06451065562644225,0.014286683860458803,0.0040382788109135336,0.0,0.0,0.0,0.0,0.0,0.0,0.0,0.0,0.0,0.0,0.0015949504547305552,0.0,0.0010180534817429076,0.0
149-1,0.0,0.0006185097171131872,0.0021159542953872196,0.0,0.0,0.0005534034311012728,0.0008463817181548879,0.0,0.0,0.40102216869038704,0.3385852404049611,0.08821901754614409,0.0003906377160714867,0.031934633288844036,0.0,0.0,0.013737426348513949,0.0,0.051433965949412415,0.022364009245092614,0.0,0.0013346788632442462,0.0005534034311012728,0.0,0.0,0.0008463817181548879,0.0,0.0,0.0,0.0,0.0,0.00029297828705361504,0.0011068068622025456,0.0007487222891370161,0.0,0.0,0.0,0.0,0.0,0.001139360005208503,0.0,0.0,0.0,0.00022787200104170058,0.030079104137504475,0.0,0.0,0.0,0.0,0.0,0.00738956346235229,0.0,0.0,0.003450633158631466,0.0,0.0,0.0,0.001009147433184674,0.0,0.0,0.0,0.0,0.0,0.0,0.0,0.0,0.0
115-1,0.0,0.0,0.0,0.000820182136998699,0.0,0.0,0.0,0.000509078567792296,0.0,0.009983596357260026,0.35253690819616496,0.2813507551332089,0.0,0.0,0.0006222071384128061,0.0,0.0018100571299281634,0.0,0.11762543130267548,0.07967079585949431,0.0,0.006108942813507551,0.0004807964251371684,0.0,0.0,0.0,0.0,0.0,0.0,0.0,0.0,0.0,0.005288760676508852,0.0,0.0,0.0,0.057836981729735844,0.00576955710164602,0.0,0.0018100571299281634,0.0,0.0,0.0,0.0,0.009983596357260026,0.0026868035522371173,0.0,0.0,0.0,0.0,0.0037049606878217095,0.0,0.0,0.015668307030940663,0.0,0.0,0.0,0.04539283896147972,0.0,0.0,0.0,0.0,0.0,0.0,0.00033938571186153065,0.0,0.0
131-1,0.0011341825161402897,0.0,0.0,0.0,0.0,0.0,0.0,0.0,0.0009596928982725527,0.0657825859361368,0.11420345489443379,0.0049729541092305,0.0,0.0,0.0,0.31550631070784624,0.0,0.0,0.2695573780026755,0.0,0.0,0.007706624789158378,0.0,0.0,0.0,0.0008724480893386843,0.0,0.0,0.0,0.0005234688536032106,0.0,0.0,0.0,0.0,0.0,0.0,0.0,0.02800558366777177,0.01803059384633281,0.0,0.0,0.0,0.0,0.0,0.14837433839353226,0.007124992729599255,0.0,0.0,0.0021229570173907984,0.0,0.002646425870994009,0.0,0.002006630605478974,0.00043622404466934215,0.0,0.0,0.0,0.0,0.0,0.009567847379747571,0.0,0.0,0.0,0.0,0.0,0.0,0.0004653056476472983
132-1,0.0,0.0,0.0,0.0,0.0008867585380467345,0.0,0.0,0.0,0.0008148591971240263,0.0,0.01310964649490713,0.02065907729179149,0.0,0.0,0.0,0.0,0.4271779508687837,0.0,0.0,0.015985620131815457,0.0,0.00016776512881965249,0.05627321749550629,0.0,0.0,0.0006710605152786099,0.0,0.0,0.0,0.0,0.0,0.0,0.0,0.0,0.39949670461354103,0.0,0.003762732174955063,0.0,0.0,0.0,0.0,0.0,0.0,0.0,0.04345116836428999,0.0002875973636908328,0.0,0.0,0.008004793289394848,0.0,0.0,0.0,0.0,0.003954463750748952,0.0,0.0,0.0,0.0013421210305572199,0.0,0.0,0.0,0.0,0.0,0.00040742959856201316,0.0005751947273816657,0.0,0.0029718394248052725
144-1,0.0005620273860617208,0.0,0.0006386674841610464,0.0,0.0003321070917637441,0.0,0.0,0.0006386674841610464,0.0,0.0,0.006616595135908441,0.0031166973227059066,0.0,0.0050837931739219295,0.0,0.01555793991416309,0.0004598405885959534,0.0,0.007664009809932557,0.0,0.0,0.0324698548947476,0.0,0.0,0.0,0.0036276313100347436,0.0,0.0,0.1859799713876967,0.0,0.0,0.0,0.020539546290619253,0.0,0.0,0.0,0.636393827917433,0.0,0.0247802983854486,0.00048538728796239524,0.0,0.0,0.0,0.0,0.005032699775189046,0.021076026977314533,0.0,0.006616595135908441,0.0003321070917637441,0.0,0.0,0.0,0.0,0.0,0.0,0.0,0.004521765787860208,0.0,0.0,0.0003321070917637441,0.0,0.003218884120171674,0.0,0.003499897813202534,0.00206928264868179,0.008353770692826487,0.0
153-1,0.0,0.0022400843325866386,0.0030307023323230993,0.0,0.0015812359994729214,0.021214916326261695,0.0,0.0,0.0,0.01146396099617868,0.17301357227566214,0.01067334299644222,0.0,0.0,0.0,0.00039530899986823034,0.005929634998023455,0.0,0.02371853999209382,0.012781657662406114,0.0,0.036895506654368165,0.008301488997232837,0.0,0.0,0.006193174331268942,0.10923705363025432,0.003294241665568586,0.0,0.0,0.0,0.0,0.0,0.16655685861114772,0.0,0.0022400843325866386,0.0,0.0,0.0,0.019765449993411517,0.0013176966662274345,0.0,0.0,0.12030570562656477,0.0,0.007906179997364607,0.0,0.02490446699169851,0.08196073263934642,0.0,0.0022400843325866386,0.0,0.006720252997759916,0.01146396099617868,0.07365924364211358,0.013967584662010805,0.0,0.008169719330610094,0.0,0.0,0.004348398998550534,0.015812359994729214,0.008696797997101068,0.0,0.0,0.0,0.0
129-1,0.0,0.0012886958957837233,0.0,0.0,0.004538450763412243,0.04165849558761731,0.0,0.00042022692253817064,0.004174254097212495,0.20243731615072139,0.06219358453564925,0.15587617313349209,0.0,0.0,0.0,0.0011206051267684549,0.0009805294859223982,0.0,0.0,0.0,0.3783723210533688,0.0,0.0,0.0,0.0005322874352150161,0.00039221179436895923,0.0,0.0,0.0,0.015044123826866507,0.0,0.0,0.0026334220479058692,0.0,0.0,0.0,0.0,0.0,0.0,0.0,0.0,0.0,0.0,0.0,0.0,0.000224121025353691,0.0049586776859504135,0.002465331278890601,0.0,0.0,0.0006443479478918617,0.0,0.11410561703319792,0.0,0.0,0.0,0.0,0.0,0.0011486202549376664,0.0,0.0,0.0,0.0,0.003950133071858803,0.0,0.0,0.0008404538450763413
140-1,0.0028832526999951133,0.0,0.0,0.0,0.001954747593217026,0.0,0.0,0.0006841616576259591,0.0,0.0,0.07721252993207252,0.0,0.0,0.0,0.0,0.0,0.0,0.0,0.0,0.0,0.06738992327615696,0.11679616869471729,0.0,0.00019547475932170258,0.0,0.0008307677271172359,0.0,0.01783707178810536,0.0,0.0,0.0,0.0,0.007476909544055124,0.0,0.0,0.1945462542149245,0.0,0.0,0.00014660606949127694,0.0,0.10325954161168939,0.0,0.0,0.14279431168450374,0.0,0.004007232566094903,0.0,0.0,0.0,0.0,0.01964521331183111,0.0,0.03738454772027562,0.0,0.0,0.0,0.0,0.0,0.0,0.19005033475052535,0.0,0.006988222645750867,0.006939353955920441,0.0,0.0,0.000977373796608513,0.0
127-1,0.0,0.0,0.0,0.00014822280852577594,0.0,0.0,0.0,0.0,0.0,0.013962588563128094,0.6241662467020425,0.1938457889900098,0.0,0.0,0.0,0.0,0.0,0.0,0.0,0.0,0.0,0.0006225357958082589,0.00023715649364124152,0.0,0.0,0.0032016126641567604,0.0,0.0,0.021344084427711737,0.0,0.0,0.0,0.0873921679067975,0.0,0.0,0.0,0.0,0.0,0.0,0.0,0.0,0.0,0.0,0.0,0.0,0.0,0.0,0.0,0.0,0.0,0.020128657397800374,0.0,0.0,0.0,0.0,0.0,0.020632614946788013,8.893368511546556e-05,0.0005928912341031038,0.012984318026857972,0.0,0.0,0.0,0.0,0.0,0.0,0.0006521803575134142
152-1,0.0005637773079633545,0.0,0.0,0.0,0.0,0.0006694855532064835,0.0,0.0,0.0,0.572198731501057,0.0,0.022903453136011276,0.0,0.0,0.0,0.09964763918252291,0.03516560958421423,0.0,0.000916138125440451,0.0,0.0,0.12910500352360818,0.0,0.0,0.0,0.0015503875968992248,0.0,0.0,0.06536293164200141,0.0,0.0,0.0,0.030267794221282594,0.0,0.007998590556730092,0.0,0.0,0.0,0.0,0.007293868921775899,0.0,0.0,0.0,0.0,0.0010570824524312897,0.00824524312896406,0.0,0.0,0.0,0.0,0.009055673009161382,0.0,0.0,0.0,0.0,0.0,0.0,0.0,0.0009513742071881607,0.0,0.0,0.002572233967582805,0.0,0.00408738548273432,0.0,0.0003875968992248062,0.0
142-1,0.0,0.0,0.0,0.49279446712570835,0.0,0.0,0.013801718359636828,0.0,0.0,0.35497532143074767,0.005179452806044726,0.00935348242032783,0.0,0.0,0.0,0.050316860642252145,0.0034580464322710378,0.0,0.0,0.0,0.0,0.0002894400097495582,0.0,0.042898056181829264,0.0008226189750776918,0.0,0.0,0.0,0.0,0.0,0.0,0.005575528608859911,0.0,0.0005179452806044726,0.0009444884528669794,0.0,0.0,0.0,0.0,0.00038084211809152397,0.0003351410639205411,0.0,0.0,0.00111205898482725,0.005545061239412589,0.00042654317226250687,0.009460118213393456,0.0,0.0,0.0008987873986959966,0.0,0.0,0.0,0.0,0.0005636463347754555,0.00035037474864420205,0.0,0.0,0.0,0.0,0.0,0.0,0.0,0.0,0.0,0.0,0.0
147-1,0.0003079133737041979,0.0,0.0006928050908344452,0.0,0.0,0.0019244585856512367,0.003566663245406959,0.0003592322693215642,0.0,0.0,0.0,0.2903879708508673,0.0,0.13525094939956891,0.05940162167710151,0.0,0.013291593964897876,0.0,0.4286410756440521,0.0,0.0,0.0015395668685209895,0.0,0.006337883608744739,0.009468336241404085,0.001308631838242841,0.0,0.036308118649286666,0.0,0.0,0.0,0.0,0.0,0.0033100687673201274,0.0,0.0,0.0,0.0,0.0,0.0,0.0,0.0,0.0,0.004336446679667453,0.002617263676485682,0.0003592322693215642,0.0,0.0,0.0,0.0,0.0,0.0,0.0,0.0,0.0,0.0,0.0,0.0,0.0,0.0,0.0,0.0,0.0,0.0,0.0,0.0005901672995997126,0.0
121-1,0.0,0.33549636474825034,0.0,0.0,0.0,0.008510566012094857,0.014184276686824761,0.0,0.09684378609771013,0.0,0.06531562139022899,0.0008663450431473806,0.0,0.0,0.0,0.0,0.0006624991506421145,0.0006285248352245703,0.05461371203370252,0.0054358904668070935,0.0,0.0013929469321193179,0.0003227559964666712,0.0,0.0,0.0,0.0007304477814772032,0.0,0.0,0.3638988924373174,0.0,0.0003227559964666712,0.0,0.0,0.0,0.0,0.02067337093157573,0.002700958075694775,0.0,0.0,0.0,0.0,0.0,0.000611537677515798,0.0,0.0008323707277298363,0.008731399062308895,0.0,0.0,0.0,0.00028878168104912687,0.0,0.0006285248352245703,0.014693891418087926,0.00028878168104912687,0.0004926275735543929,0.0,0.0,0.0,0.0008323707277298363,0.0,0.0,0.0,0.0,0.0,0.0,0.0
145-1,0.0,0.0,0.0,0.010868737627531598,9.517283386630121e-05,0.0,0.001180143139942135,0.0,0.0,0.00871783158215319,0.0,0.0006091061367443277,0.0011611085731688747,0.0,0.003483325719506624,0.0009326937718897518,0.0003616567686919446,0.0,0.0,0.0,0.0,0.0,0.0,0.00034262220191868436,0.0006662098370641084,0.02858991929343688,0.0,0.0,0.7311177097609258,0.0,0.0,0.00045682960255824577,0.018844221105527637,0.00038069133546520483,0.0,0.03251104004872849,0.0,0.0,0.0,0.0,0.02849474645957058,0.0,0.0004948987361047662,0.014904065783462768,0.01193467336683417,0.0005329678696512867,0.0,0.05095553525201767,0.009974112989188367,0.0007804172377036698,0.015379929952794275,0.0,0.0,0.0,0.0,0.0,0.003711740520785747,0.0,0.007156997106745851,0.002531597380843612,0.0,0.0,0.012829298005177401,0.0,0.0,0.0,0.0
136-1,0.0003497255999139137,0.0,0.0,0.0020176476918110408,0.0023673732917249544,0.0003497255999139137,0.0,0.0016141181534488325,0.0,0.1300979231679759,0.3107446465081244,0.004654040675777467,0.0,0.0,0.0,0.0,0.029807381900355107,0.0,0.0,0.2087323792101582,0.0,0.008931453782416873,0.0,0.0,0.0,0.0013181964919832133,0.0,0.0,0.0,0.0,0.0,0.0,0.001425804368879802,0.0,0.005353491875605294,0.0,0.036855697837081675,0.0,0.023270203378887334,0.0,0.0,0.0,0.0,0.0,0.043339072420101155,0.008608630151727106,0.0,0.004304315075863553,0.0,0.0,0.004923060368018939,0.0,0.0,0.1345367480899602,0.0,0.0,0.0,0.0337350694070806,0.0,0.0,0.0,0.0,0.0,0.0,0.0026632949531905734,0.0,0.0
124-1,0.0009296560272699101,0.0,0.0,0.0,0.0,0.0004869626809509053,0.0,0.0004426933463190048,0.0,0.10416574438886184,0.0,0.13347204391517994,0.0,0.0,0.0,0.0,0.25357474877152597,0.0,0.0,0.0,0.0,0.02204612864668644,0.0,0.0,0.0,0.004249856124662446,0.0,0.0,0.24972331665855063,0.0,0.0,0.0,0.06126875913055027,0.0,0.0030545840896011333,0.0,0.0,0.0184160432068706,0.0,0.0,0.0,0.0007525786887423083,0.0,0.0,0.0,0.007791402895214485,0.0,0.05095400416131746,0.0,0.0,0.0,0.0,0.0,0.01722077117180929,0.0,0.0,0.013590685731993448,0.050688388153526054,0.0,0.0,0.0,0.0,0.0,0.006906016202576476,0.0,0.00026561600779140287,0.0
116-1,0.0,0.017298374315084002,0.0,0.0,0.0,0.000996241452701173,0.0,0.00126794366707422,0.00126794366707422,0.0,0.055608386541683645,0.0,0.0,0.6200697369016891,0.0,0.0,0.0,0.0,0.004800072453923832,0.0067472716569306704,0.0,0.0,0.0,0.0,0.0004981207263505865,0.015079472897704116,0.0,0.0,0.0,0.005615179097042974,0.0014943621790517593,0.0,0.05275551329076665,0.0,0.0026717384413349637,0.0,0.0,0.0,0.14187383960512612,0.0,0.0,0.0,0.0,0.0,0.0,0.0,0.0,0.0,0.056740479101571345,0.0,0.007290676085676765,0.0,0.0,0.0,0.0,0.0,0.00507177466829688,0.0,0.00063397183353711,0.0,0.0,0.0,0.0,0.0,0.0,0.0,0.002218901417379885
109-1,0.0,0.00031636559207820557,0.0,0.0,0.0,0.0,0.2950425511721345,0.000506184947325129,0.0,0.017273561327470023,0.4679996203612895,0.009427694643930526,0.04179189471353096,0.0,0.03635040652978582,0.0,0.0,0.0,0.0,0.011104432281945015,0.0,0.0,0.0,0.002341105381378721,0.0,0.0009807333354424372,0.0012970989275206428,0.01414154196589579,0.0,0.0,0.0016767376380144895,0.0,0.0,0.002720744091872568,0.0,0.0,0.0,0.01306589895282989,0.0,0.0,0.0,0.0,0.0003480021512860261,0.0,0.0,0.0,0.0,0.0019931032300926953,0.07947103673004524,0.0,0.0,0.0,0.0,0.0,0.0011072795722737196,0.0,0.0,0.0,0.0,0.0010440064538580784,0.0,0.0,0.0,0.0,0.0,0.0,0.0
133-1,0.0,0.0,0.0,0.0,0.0,0.010343677010343676,0.0,0.19392726059392726,0.03183183183183183,0.0,0.0,0.0,0.0,0.3735068401735068,0.0,0.07841174507841174,0.0,0.0,0.0,0.003003003003003003,0.0,0.00627293960627294,0.0,0.0005338672005338672,0.003870537203870537,0.009275942609275943,0.0,0.005205205205205205,0.014881548214881548,0.07947947947947948,0.022489155822489157,0.0,0.0,0.007941274607941275,0.0,0.05318651985318652,0.0,0.0,0.0038038038038038036,0.0,0.0,0.0,0.0,0.06459793126459794,0.0,0.0024024024024024023,0.0,0.0,0.0,0.0,0.0,0.015281948615281949,0.018418418418418417,0.0,0.0,0.0,0.0,0.0,0.0,0.0,0.0,0.0,0.001334668001334668,0.0,0.0,0.0,0.0
150-1,0.0,0.0,0.0024665981500513875,0.0,0.0,0.013591983556012334,0.0,0.0,0.0,0.0006166495375128469,0.0,0.03920863309352518,0.0,0.0,0.0,0.0006937307297019528,0.08121788283658787,0.0,0.07579650565262076,0.0,0.0,0.652929085303186,0.0,0.0,0.0,0.0,0.0,0.00028263103802672146,0.0,0.0,0.0,0.0,0.0007708119218910585,0.0,0.0,0.0,0.0,0.0,0.0,0.0,0.0,0.0,0.0,0.0,0.10567831449126414,0.016289825282631037,0.0,0.0,0.0,0.0,0.005832476875642343,0.0,0.0,0.0,0.0,0.0,0.0,0.0,0.0,0.0,0.0,0.0,0.0,0.0,0.0016700924974306268,0.0029547790339157247,0.0
105-1,0.0,0.0027823240589198036,0.0,0.0,0.0,0.0,0.0,0.0,0.0,0.04238952536824877,0.007146753955264594,0.0,0.0,0.0,0.0,0.00027277686852154935,0.0,0.0,0.0,0.544189852700491,0.0,0.013802509547190398,0.004582651391162029,0.0,0.0,0.015493726132024004,0.0,0.0,0.1039279869067103,0.002127659574468085,0.0,0.0,0.0,0.0,0.0,0.062411347517730496,0.0,0.0,0.000436442989634479,0.0,0.0,0.0,0.0,0.0,0.0,0.0,0.0,0.0,0.0,0.0,0.0024549918166939444,0.0,0.10250954719039826,0.0,0.0,0.0,0.0,0.0,0.06530278232405892,0.0,0.0,0.0,0.004582651391162029,0.0,0.0,0.025586470267321332,0.0
120-1,0.0,0.009668605058502066,0.0,0.0,0.0,0.0010509353324458768,0.0,0.001331184754431444,0.0029426189308484553,0.09227212218874799,0.05002452182442374,0.04904364884747425,0.0,0.05135570657885518,0.000980872976949485,0.0,0.005604988439711343,0.0,0.0,0.0,0.07825965108946963,0.3131086667133749,0.0,0.0011209976879422686,0.0,0.01569396763119176,0.0,0.03292930708330414,0.0006305611994675261,0.0018216212429061865,0.0,0.0,0.0014012471099278357,0.0,0.0,0.20114902263014084,0.0,0.0,0.0,0.0,0.035591676592167026,0.0,0.0,0.0,0.0,0.01492328172073145,0.0,0.0,0.02192951727037063,0.0,0.0,0.0,0.0,0.0,0.0,0.0,0.0,0.0,0.0,0.0,0.004554053107265466,0.007146360260631962,0.0,0.0,0.0,0.00546486372871856,0.0
126-1,0.0024597918637653737,0.0020813623462630085,0.0,0.0,0.022327341532639548,0.0,0.016556291390728478,0.0,0.0,0.0,0.009224219489120151,0.0018448438978240303,0.0008514664143803217,0.0,0.40510879848628195,0.0008514664143803217,0.0,0.0,0.0,0.0005676442762535478,0.00023651844843897824,0.009981078524124882,0.0,0.010454115421002838,0.09607379375591296,0.0760170293282876,0.0,0.0,0.0,0.2410596026490066,0.0,0.0,0.0,0.0,0.0,0.0,0.00023651844843897824,0.0,0.0,0.0087038789025544,0.0,0.0,0.0006149479659413434,0.0,0.0,0.021807000946073792,0.03174077578051088,0.0,0.04120151371807001,0.0,0.0,0.0,0.0,0.0,0.0,0.0,0.0,0.0,0.0,0.0,0.0,0.0,0.0,0.0,0.0,0.0,0.0
103-1,0.0,0.0,0.0,0.0,0.0,0.0,0.0,0.0,0.0,0.22769089236430542,0.03964466421343146,0.003651103955841766,0.0,0.0,0.0,8.624655013799449e-05,0.5571239650413984,0.0,0.06747355105795769,0.00577851885924563,0.0,0.0,0.0033061177552897885,0.0,0.0,0.004858555657773689,0.006640984360625575,0.0004312327506899724,0.02610395584176633,0.0,0.0,0.0,0.0,0.0005462281508739651,0.0,0.0,0.0,0.001437442502299908,0.0,0.0009199632014719411,0.03961591536338546,0.0,0.0,0.0,0.0,0.0,0.0,0.0020986660533578658,0.003967341306347746,0.0,0.0010062097516099356,0.0,0.005692272309107635,0.0,0.0,0.0019261729530818767,0.0,0.0,0.0,0.0,0.0,0.0,0.0,0.0,0.0,0.0,0.0
